country,sector,GDPj_by_xj
CAN,A01_02,0.37092139002059843
CAN,A03,0.568528027104191
CAN,B05_06,0.48800242822946505
CAN,B07_08,0.6192146893085141
CAN,B09,0.6395752248976145
CAN,C10T12,0.27115079665106867
CAN,C13T15,0.37964819373756
CAN,C16,0.32022558437426474
CAN,C17_18,0.35284558916626596
CAN,C19,0.19894754755189265
CAN,C20,0.3376759174489937
CAN,C21,0.40532898720122096
CAN,C22,0.3347654802426496
CAN,C23,0.3430001581777581
CAN,C24,0.14966202319392724
CAN,C25,0.39490163503908043
CAN,C26,0.434711682098501
CAN,C27,0.3482161777573425
CAN,C28,0.3970452821979546
CAN,C29,0.18157018509704975
CAN,C30,0.3521109256488748
CAN,C31T33,0.4323939597758131
CAN,D,0.7410853932460073
CAN,E,0.5647992469661494
CAN,F,0.4520539414206347
CAN,G,0.6106263216948689
CAN,H49,0.47989519125895747
CAN,H50,0.3366671343240738
CAN,H51,0.3739550793010274
CAN,H52,0.48105976683328106
CAN,H53,0.5642501328433231
CAN,HFCE,0.0
CAN,I,0.47078021684474536
CAN,J58T60,0.46977721039837317
CAN,J61,0.5684895007560059
CAN,J62_63,0.5782361898906505
CAN,K,0.5411400190030706
CAN,L,0.7563287679939359
CAN,M,0.6341007996451953
CAN,N,0.5932007722351218
CAN,O,0.543123705721649
CAN,P,0.7771036628857011
CAN,Q,0.679829821339532
CAN,R,0.47982959930116786
CAN,S,0.5185872921232109
CAN,T,1.0
USA,A01_02,0.39777327347681085
USA,A03,0.8209009149421569
USA,B05_06,0.4707261956896308
USA,B07_08,0.48559877946357555
USA,B09,0.5145511601486628
USA,C10T12,0.2831070629557614
USA,C13T15,0.38084890838509233
USA,C16,0.35566548517207486
USA,C17_18,0.37919664343059056
USA,C19,0.212084333160529
USA,C20,0.42243720753028746
USA,C21,0.6352318218524166
USA,C22,0.3341402498174203
USA,C23,0.42872715487634044
USA,C24,0.3068277892799386
USA,C25,0.4009414146269515
USA,C26,0.73124255739713
USA,C27,0.48750023310425383
USA,C28,0.4341080882401011
USA,C29,0.22185331464515373
USA,C30,0.5248833937399111
USA,C31T33,0.5414634281096647
USA,D,0.5915005301911359
USA,E,0.5351505991492989
USA,F,0.5122090260486245
USA,G,0.5565287680805313
USA,H49,0.4986346898381889
USA,H50,0.2620829310410495
USA,H51,0.4972364355288238
USA,H52,0.5075224469502241
USA,H53,0.6380694328081127
USA,HFCE,0.0
USA,I,0.519756492276497
USA,J58T60,0.5993242041816873
USA,J61,0.5203214617728442
USA,J62_63,0.6572566448412257
USA,K,0.5536346046965354
USA,L,0.6898892940854453
USA,M,0.622742604390539
USA,N,0.5829154090121151
USA,O,0.5999814557340941
USA,P,0.7528364242831311
USA,Q,0.6190543660123689
USA,R,0.6287930349684527
USA,S,0.5669337135486776
USA,T,1.0
GBR,A01_02,0.3948949082372035
GBR,A03,0.34161423344275516
GBR,B05_06,0.5764417781968397
GBR,B07_08,0.335271221756975
GBR,B09,0.2670696448797999
GBR,C10T12,0.2931819783648746
GBR,C13T15,0.5764876128205554
GBR,C16,0.40174755159185616
GBR,C17_18,0.4003199780732739
GBR,C19,0.1516100928867251
GBR,C20,0.3472848404784994
GBR,C21,0.4952621000563173
GBR,C22,0.353725643737894
GBR,C23,0.3992799014651114
GBR,C24,0.30584627019656707
GBR,C25,0.4757896980624873
GBR,C26,0.5702578793096397
GBR,C27,0.3975407064385865
GBR,C28,0.40549907539456054
GBR,C29,0.26147978299278885
GBR,C30,0.34591922216541204
GBR,C31T33,0.48350848433308624
GBR,D,0.2410884067724589
GBR,E,0.5359416694406687
GBR,F,0.36533484582350495
GBR,G,0.562844940825895
GBR,H49,0.4068998620979467
GBR,H50,0.36856166119574385
GBR,H51,0.22956297716871982
GBR,H52,0.47944942387207323
GBR,H53,0.5753604096458582
GBR,HFCE,0.0
GBR,I,0.5456642922105202
GBR,J58T60,0.4667315018426724
GBR,J61,0.6479719959538127
GBR,J62_63,0.5723123128505061
GBR,K,0.5134699680525826
GBR,L,0.7778569650423839
GBR,M,0.5511769654893253
GBR,N,0.5745717884886703
GBR,O,0.5727691057638288
GBR,P,0.7267379558217646
GBR,Q,0.5917659464736775
GBR,R,0.5691342458454057
GBR,S,0.7097355012678506
GBR,T,1.0
FRA,A01_02,0.40776548867428897
FRA,A03,0.3537470386136108
FRA,B05_06,0.6344493617583433
FRA,B07_08,0.3486650405489925
FRA,B09,0.7936283770268511
FRA,C10T12,0.2824901410656224
FRA,C13T15,0.23684261070222265
FRA,C16,0.2923183936375801
FRA,C17_18,0.32736249060671985
FRA,C19,0.05456691709027655
FRA,C20,0.3238353311680213
FRA,C21,0.4217456242579604
FRA,C22,0.395749612476859
FRA,C23,0.3454363054981032
FRA,C24,0.13048841695915842
FRA,C25,0.39408953207237996
FRA,C26,0.451235591026076
FRA,C27,0.34092221627042707
FRA,C28,0.3213064832404702
FRA,C29,0.2065649521330094
FRA,C30,0.2078349129203801
FRA,C31T33,0.40820809530117397
FRA,D,0.33413829900853487
FRA,E,0.377359058891222
FRA,F,0.39662940096845933
FRA,G,0.4926509249793314
FRA,H49,0.48287254657416434
FRA,H50,0.0914479440416649
FRA,H51,0.3930698710345669
FRA,H52,0.48256707819735906
FRA,H53,0.6285738152965357
FRA,HFCE,0.0
FRA,I,0.5172278012565806
FRA,J58T60,0.4755447702997895
FRA,J61,0.43437702576297116
FRA,J62_63,0.5800245130140076
FRA,K,0.34949295020376114
FRA,L,0.8124522836485215
FRA,M,0.4702841892514871
FRA,N,0.5783313622111097
FRA,O,0.7279157210101534
FRA,P,0.8218811719006003
FRA,Q,0.736689379106604
FRA,R,0.5787990121954911
FRA,S,0.6124079268303785
FRA,T,1.0
DEU,A01_02,0.4300059844598646
DEU,A03,0.29914103342837517
DEU,B05_06,0.29150955286473
DEU,B07_08,0.3729823213191817
DEU,B09,0.4483900840789264
DEU,C10T12,0.24499243577218524
DEU,C13T15,0.31783464588574406
DEU,C16,0.3286214946702465
DEU,C17_18,0.3365082381115505
DEU,C19,0.0738705786668521
DEU,C20,0.3496665307501118
DEU,C21,0.3656597857259855
DEU,C22,0.36853225644035437
DEU,C23,0.3761827633629993
DEU,C24,0.1984041277183883
DEU,C25,0.41952371093984087
DEU,C26,0.4580893192436669
DEU,C27,0.405443201594334
DEU,C28,0.3794179820483701
DEU,C29,0.3316603727415788
DEU,C30,0.2857784404920117
DEU,C31T33,0.4235564444385273
DEU,D,0.40513272197752676
DEU,E,0.44923048777656654
DEU,F,0.4304508318658009
DEU,G,0.5616600175824855
DEU,H49,0.4475944486973511
DEU,H50,0.24142735108647895
DEU,H51,0.263981288198045
DEU,H52,0.3677928667111636
DEU,H53,0.37664134011718614
DEU,HFCE,0.0
DEU,I,0.46160154561975203
DEU,J58T60,0.4329055929213037
DEU,J61,0.40282846199415123
DEU,J62_63,0.5571550826279335
DEU,K,0.43558459356618173
DEU,L,0.7378797742945195
DEU,M,0.5208167954477787
DEU,N,0.5925288576926255
DEU,O,0.6217223515972605
DEU,P,0.7632162996231291
DEU,Q,0.6671932623901158
DEU,R,0.6124788634860254
DEU,S,0.6957576988537648
DEU,T,1.0
ITA,A01_02,0.5568947818884993
ITA,A03,0.5213143492517088
ITA,B05_06,0.4169287343767124
ITA,B07_08,0.42094851503286795
ITA,B09,0.3891343476533168
ITA,C10T12,0.2095394807799713
ITA,C13T15,0.3009685598630478
ITA,C16,0.32585284443191825
ITA,C17_18,0.2970352693554127
ITA,C19,0.01605771521055455
ITA,C20,0.24267016481025455
ITA,C21,0.39268550988336626
ITA,C22,0.29254437162744307
ITA,C23,0.33132562077902317
ITA,C24,0.14151786026899077
ITA,C25,0.3694558804779472
ITA,C26,0.38652977202288197
ITA,C27,0.2929747379309937
ITA,C28,0.3056681595416846
ITA,C29,0.21596526604062205
ITA,C30,0.2729441764894987
ITA,C31T33,0.3601711627926514
ITA,D,0.3256229055746175
ITA,E,0.3810381234811986
ITA,F,0.36140995322435643
ITA,G,0.5158775001700058
ITA,H49,0.4648354414706043
ITA,H50,0.25266324414715935
ITA,H51,0.21128656454551614
ITA,H52,0.43665324400672867
ITA,H53,0.3925775895532668
ITA,HFCE,0.0
ITA,I,0.5024336608484264
ITA,J58T60,0.3603102267529868
ITA,J61,0.47643002819912184
ITA,J62_63,0.5191480148945977
ITA,K,0.5723301730991304
ITA,L,0.879694083674583
ITA,M,0.566915620307252
ITA,N,0.5014196228059191
ITA,O,0.6880689438142729
ITA,P,0.8451124971005193
ITA,Q,0.5600867439664309
ITA,R,0.41377108299552834
ITA,S,0.6261502348768924
ITA,T,1.0
JPN,A01_02,0.4347423325281874
JPN,A03,0.4729175665781423
JPN,B05_06,0.7012292613006501
JPN,B07_08,0.44230396677360057
JPN,B09,0.4055178811209186
JPN,C10T12,0.3728174115216581
JPN,C13T15,0.38935573206674556
JPN,C16,0.36935924750943144
JPN,C17_18,0.396857498435442
JPN,C19,0.3626372522837913
JPN,C20,0.3415390369010862
JPN,C21,0.5138680434474606
JPN,C22,0.4015093145211862
JPN,C23,0.4875909148082435
JPN,C24,0.24431220252057625
JPN,C25,0.4363749709448826
JPN,C26,0.4013796019260501
JPN,C27,0.39129673758410055
JPN,C28,0.44427463890626856
JPN,C29,0.22841915774980595
JPN,C30,0.2513695594699702
JPN,C31T33,0.4775379025173318
JPN,D,0.3602676216155516
JPN,E,0.720181178200054
JPN,F,0.45799751659955024
JPN,G,0.6053961242204127
JPN,H49,0.7000763326994393
JPN,H50,0.27415057368918344
JPN,H51,0.21016890562549845
JPN,H52,0.6249013792944871
JPN,H53,0.7232310462315091
JPN,HFCE,0.0
JPN,I,0.41826547716213847
JPN,J58T60,0.41014071586030426
JPN,J61,0.4311305303502573
JPN,J62_63,0.5743631816887261
JPN,K,0.6270386591200616
JPN,L,0.8122235684381243
JPN,M,0.6341106442037423
JPN,N,0.6849746930898635
JPN,O,0.665159380694128
JPN,P,0.8163630101194632
JPN,Q,0.658633530584835
JPN,R,0.5987283625386454
JPN,S,0.5578179127341594
JPN,T,0.0
