year,ITA,JPN,CAN,FRA,DEU,GBR,USA
1975,89379.18887325726,244656.16549706276,88246.84269913955,182574.2466210865,245176.63739496277,117226.98276291823,891861.6436598243
1976,88209.76862719949,274969.76325447526,104868.13197991088,188565.0272545649,259727.39389810388,112794.06426865085,991644.9177095088
1977,101116.07948079401,338415.6004037724,107424.66962558655,208137.53751930242,300075.6832482511,127559.62990734434,1101967.0755655125
1978,123671.86971905595,475486.79965396825,110989.04874962874,256745.40211423254,370021.3813609552,162868.29606322572,1244763.3932164775
1979,154533.05016433288,494908.29193905904,123395.31425717146,311241.7020683013,440418.16537243937,212866.39919847006,1390714.4947692838
1980,187341.04509157667,518540.06990392006,139021.91661702484,355408.80520962883,474870.97113820014,273940.97981835116,1512448.9245923513
1981,169066.99348363938,571726.4922751946,155449.93509220576,311736.0297433624,400005.15067257755,262215.22669776774,1697570.1618391613
1982,167720.1628653565,532015.7389007857,159194.43046438976,295855.62525043206,388064.31942485017,249745.1583410543,1769955.5139493644
1983,173910.3358088223,583498.7632489471,172965.22833496184,283166.85813778744,385119.8139001427,237413.77021726154,1923592.4313167238
1984,171887.15262357972,617915.6677806352,180479.51630519243,268673.232112161,362346.4485467236,223773.16311135082,2137212.5889117117
1985,177512.19716280527,655197.5867770741,185269.79899453686,280027.416847415,366056.2068599795,237252.29987613365,2296735.6131563326
1986,251375.2237023177,973407.0298764835,191756.5136502281,391443.55285191827,522826.48062903143,291642.1053525046,2424117.9530855487
1987,316272.1728428863,1184917.6410105913,219141.7725355413,474022.8843584481,648712.3069508175,361326.49791552854,2569994.9489762313
1988,349989.54279067466,1435133.4956348448,257718.01819795728,517268.368304346,700213.7698313963,441314.9287637397,2771784.666939314
1989,364534.0602381271,1427667.9290968878,286977.8015196901,520292.6711610862,699078.5867748638,449442.75416309544,2986235.8666024045
1990,463675.5191962743,1462764.3562900873,301581.38406565937,643572.6713670555,885323.291142015,530073.672104383,3156445.985977592
1991,489186.5824341182,1674963.672824376,309905.1832634936,644243.032913981,933932.028777658,554139.0565793874,3259659.293531292
1992,518210.6060226447,1827686.3909990743,300726.84377602034,711125.6696950203,1066165.918244527,572012.3201648933,3451381.2279686998
1993,418034.44904370554,2083076.7188633508,292969.19649299135,672602.9084335311,1035082.8137623678,514663.6797889359,3630415.2143981983
1994,431483.17350774544,2295133.7029482685,293419.4871133459,709160.6404276968,1102959.7901207332,553018.9470057975,3857326.7518212465
1995,461098.5650036889,2546171.412683404,306582.645618698,816316.1426614354,1291046.6775182222,651816.4905637694,4043919.515787372
1996,514913.04457863723,2260510.1867965264,319052.6601354145,818194.1784455702,1247994.3622119224,688382.4918384033,4273313.592891566
1997,487580.8814934495,2062649.7166939965,331387.0815215074,741691.0858765926,1104707.3745630267,756878.889399135,4540321.586785166
1998,498444.81907738856,1881708.4425892346,320768.8239379342,766008.3230597217,1119131.1698032662,801867.5327920608,4797187.691490966
1999,491501.1415949358,2128549.6407526033,343238.83183814166,760896.1766064502,1102257.7690199828,818421.8794770628,5098030.213405657
2000,450246.37645102304,2281157.5746939387,376813.815947519,696439.1228272634,979334.3721659022,807608.7004766074,5426122.44593558
2001,459011.15378081956,2008590.9341491598,373883.89124811115,701259.5852486666,979035.6397826042,799995.8345435514,5601276.47162674
2002,501977.36114685977,1920500.9220967363,384846.1911034159,763715.7889145109,1046733.3767109907,865893.1899768196,5785058.5136937415
2003,619929.8024421289,2075096.9189599259,453094.05892460805,939069.064704555,1262004.9109885995,996179.8745343236,6064225.129437223
2004,709958.7127447933,2246612.1118208836,519448.176417725,1079635.1817465113,1420133.919214352,1174190.0154696219,6466883.537848421
2005,730390.2781288633,2218306.319873464,593528.5726338011,1121780.9657196284,1440582.1508511016,1233177.6040528233,6901989.63974668
2006,767039.4230136873,2112792.061196473,667472.3638302193,1186110.0879058905,1516719.077607657,1313311.5036768252,7312958.468838904
2007,870415.2328426907,2102732.370984503,743141.4258304676,1359053.132485233,1734669.2455888384,1498575.6875648953,7661572.676515537
2008,946780.0197746401,2344665.395329252,785726.7758475905,1497720.7446881868,1896348.1903027822,1420458.9549651935,7818094.421444144
2009,865308.3205826125,2428600.2181339194,695486.511750477,1381702.141696624,1732548.2456674224,1169976.2699308794,7663637.048531843
2010,840032.2379702324,2644201.7393451,818284.3055327736,1354145.6765806412,1726747.8585583859,1205199.109509044,7965829.352149502
2011,903488.7558767084,2861869.3767568218,907325.4811239992,1468864.4945880887,1904334.3026829492,1291670.5987983355,8257329.267375014
2012,821621.5059651503,2879872.1359175406,925053.7770085185,1372966.9725317247,1791348.736446583,1312656.8941857663,8603667.372572131
2013,843278.8869453893,2393173.2123486334,934277.1455580272,1441062.4008136904,1895999.6691889346,1350362.400870762,8935396.075807702
2014,851123.3234921197,2248388.971753349,913609.3120282723,1464171.9637596102,1974521.4761388195,1486065.3728468798,9320427.923156599
2015,722733.8260825039,2040831.5296162774,787507.7005483184,1249881.4283470009,1704552.0424793428,1419731.611086239,9684022.061105398
2016,739057.1468647165,2297374.2911835224,773078.1629162839,1264173.9459085497,1761415.7516401212,1303938.4655566995,9953925.469083406
2017,771801.6970230852,2263930.7569507565,834439.1139686384,1324793.0518999952,1873594.7404415829,1299593.7981197455,10381197.543842863
2018,822212.8738725673,2314454.1851079995,872921.2539508453,1423407.84099008,2017444.34074569,1392301.0489312725,10934025.783286344
2019,790948.7016546201,2349858.234046613,882230.633068287,1393323.4475979048,1970244.6241846026,1382637.073259565,11401685.443903267
2020,747034.7390992097,2320510.201260254,837682.2183242253,1355015.6114125291,1961745.687879774,1307657.6172577532,11303283.711126033
2021,853453.5480279682,2313659.878213125,1023212.0728006298,1518000.460798612,2164963.3704913077,1524183.041063283,12535078.613470849
2022,824026.1410323957,1957052.813368984,1108225.9300345273,1430940.453181487,2073003.585166067,1509985.2885460933,13766132.459194424
2023,902564.4987498844,1934421.953919052,1099589.4571250314,1561701.8929416935,2253288.5784864225,1634031.3626221686,14673291.628821231
2024,929258.2978025625,1848581.7128405515,1133948.1492916325,1618119.7254214915,2320119.9915032447,1766878.297633592,15448330.989404479
2025,955230.1279969882,1802685.39931451,1179564.4887254832,1664975.0590668037,2394285.580235291,1809055.5398275475,16237438.185123842
2026,982342.0025157728,1707112.3854737054,1227006.1165088394,1713440.0182658995,2470675.710988698,1872446.664703721,17040613.215979323
2027,1010593.9213589164,1550112.1458533525,1276273.0326417014,1763514.6030187788,2549290.3837634674,1936177.5038761143,17857856.08197092
2028,1039985.8845264191,1419976.38456618,1327365.2371240687,1815198.8133254412,2630129.598559598,2018228.071812225,18689166.78309863
2029,1070517.892018281,1317624.3053278755,1380282.7299559417,1868492.649185887,2713193.3553770906,2086875.3433463702,19534545.319362458
2030,1102189.9438345016,1182547.0616769793,1435025.5111373202,1923396.1106001164,2798481.654215944,2168463.9373216885,20393991.6907624
2031,1135002.0399750813,1018997.6820316054,1491593.580668204,1979909.1975681288,2885994.49507616,2243535.9668185865,21267505.897298463
2032,1168954.18044002,868050.6324860008,1549986.9385485935,2038031.9100899247,2975731.877957737,2329415.2038686015,22155087.938970637
2033,1204046.365229318,723480.6310382274,1610205.5847784886,2097764.248165504,3067693.802860676,2410422.911387516,23056737.815778926
2034,1240278.5943429747,557674.9597712888,1672249.5193578892,2159106.2117948662,3161880.2697849763,2499985.5806531757,23972455.527723335
2035,1277650.8677809907,377122.71233092836,1736118.7422867948,2222057.8009780124,3258291.278730639,2586611.3655774673,24902241.07480386
2036,1316163.1855433655,200200.90533833439,1801813.2535652064,2286619.0157149415,3356926.829697662,2680291.7768806037,25846094.4570205
2037,1355815.5476300993,20985.060263479427,1869333.0531931233,2352789.856005654,3457786.9226860474,2772350.0497071906,26804015.67437325
2038,1396607.9540411923,-172625.6622265862,1938678.1411705462,2420570.32185015,3560871.5576957944,2870288.5270819725,27776004.72686212
2039,1438540.4047766442,-375599.6555577123,2009848.517497474,2489960.413248429,3666180.734726903,2967615.8770153862,28762061.614487108
2040,1481612.8998364552,-580060.0110365185,2082844.1821739073,2560960.1302004913,3773714.453779373,3069955.274385616,29762186.337248214
