,ITA,JPN,CAN,FRA,DEU,GBR,USA
1975,228221000000.0,532861000000.0,174420000000.0,356781000000.0,492434000000.0,241757000000.0,1684900000000.0
1976,225235000000.0,598884000000.0,207272000000.0,368488000000.0,521659000000.0,232615000000.0,1873410000000.0
1977,258190000000.0,737069000000.0,212325000000.0,406736000000.0,602698000000.0,263066000000.0,2081830000000.0
1978,315784000000.0,1035610000000.0,219370000000.0,501724000000.0,743183000000.0,335883000000.0,2351600000000.0
1979,394585000000.0,1077910000000.0,243891000000.0,608219000000.0,884574000000.0,438994000000.0,2627330000000.0
1980,478357000000.0,1129380000000.0,274777000000.0,694529000000.0,953772000000.0,564948000000.0,2857310000000.0
1981,431696000000.0,1245220000000.0,307247000000.0,609185000000.0,803405000000.0,540766000000.0,3207040000000.0
1982,428257000000.0,1158730000000.0,314648000000.0,578152000000.0,779422000000.0,515049000000.0,3343790000000.0
1983,444063000000.0,1270860000000.0,341866000000.0,553356000000.0,773508000000.0,489618000000.0,3634040000000.0
1984,438897000000.0,1345820000000.0,356718000000.0,525033000000.0,727768000000.0,461487000000.0,4037610000000.0
1985,453260000000.0,1427020000000.0,366186000000.0,547221000000.0,735219000000.0,489285000000.0,4338980000000.0
1986,641862000000.0,2120080000000.0,379007000000.0,764947000000.0,1050090000000.0,601453000000.0,4579630000000.0
1987,807570000000.0,2580750000000.0,433134000000.0,926321000000.0,1302930000000.0,745163000000.0,4855220000000.0
1988,893664000000.0,3125720000000.0,509380000000.0,1010830000000.0,1406370000000.0,910123000000.0,5236440000000.0
1989,930802000000.0,3109460000000.0,567212000000.0,1016740000000.0,1404090000000.0,926885000000.0,5641580000000.0
1990,1183950000000.0,3185900000000.0,596076000000.0,1257650000000.0,1778160000000.0,1093170000000.0,5963140000000.0
1991,1249090000000.0,3648070000000.0,612528000000.0,1258960000000.0,1875790000000.0,1142800000000.0,6158130000000.0
1992,1323200000000.0,3980700000000.0,594387000000.0,1389660000000.0,2141380000000.0,1179660000000.0,6520330000000.0
1993,1067410000000.0,4536940000000.0,579054000000.0,1314380000000.0,2078950000000.0,1061390000000.0,6858560000000.0
1994,1101750000000.0,4998800000000.0,579944000000.0,1385820000000.0,2215280000000.0,1140490000000.0,7287240000000.0
1995,1177370000000.0,5545560000000.0,605961000000.0,1595220000000.0,2593050000000.0,1344240000000.0,7639750000000.0
1996,1314780000000.0,4923390000000.0,630608000000.0,1598890000000.0,2506580000000.0,1419650000000.0,8073120000000.0
1997,1244990000000.0,4492450000000.0,654987000000.0,1449390000000.0,2218790000000.0,1560910000000.0,8577550000000.0
1998,1272730000000.0,4098360000000.0,634000000000.0,1496910000000.0,2247760000000.0,1653690000000.0,9062820000000.0
1999,1255000000000.0,4635980000000.0,678412000000.0,1486920000000.0,2213870000000.0,1687830000000.0,9631170000000.0
2000,1149660000000.0,4968360000000.0,744773000000.0,1360960000000.0,1966980000000.0,1665530000000.0,10251000000000.0
2001,1172040000000.0,4374710000000.0,738982000000.0,1370380000000.0,1966380000000.0,1649830000000.0,10581900000000.0
2002,1281750000000.0,4182850000000.0,760649000000.0,1492430000000.0,2102350000000.0,1785730000000.0,10929100000000.0
2003,1582930000000.0,4519560000000.0,895541000000.0,1835100000000.0,2534720000000.0,2054420000000.0,11456500000000.0
2004,1812810000000.0,4893120000000.0,1026690000000.0,2109790000000.0,2852320000000.0,2421530000000.0,12217200000000.0
2005,1864980000000.0,4831470000000.0,1173110000000.0,2192150000000.0,2893390000000.0,2543180000000.0,13039200000000.0
2006,1958560000000.0,4601660000000.0,1319260000000.0,2317860000000.0,3046310000000.0,2708440000000.0,13815600000000.0
2007,2222520000000.0,4579750000000.0,1468820000000.0,2655820000000.0,3484060000000.0,3090510000000.0,14474200000000.0
2008,2417510000000.0,5106680000000.0,1552990000000.0,2926800000000.0,3808790000000.0,2929410000000.0,14769900000000.0
2009,2209480000000.0,5289490000000.0,1374630000000.0,2700080000000.0,3479800000000.0,2412840000000.0,14478100000000.0
2010,2144940000000.0,5759070000000.0,1617340000000.0,2646230000000.0,3468150000000.0,2485480000000.0,15049000000000.0
2011,2306970000000.0,6233150000000.0,1793330000000.0,2870410000000.0,3824830000000.0,2663810000000.0,15599700000000.0
2012,2097930000000.0,6272360000000.0,1828370000000.0,2683010000000.0,3597900000000.0,2707090000000.0,16254000000000.0
2013,2153230000000.0,5212330000000.0,1846600000000.0,2816080000000.0,3808090000000.0,2784850000000.0,16880700000000.0
2014,2173260000000.0,4896990000000.0,1805750000000.0,2861240000000.0,3965800000000.0,3064710000000.0,17608100000000.0
2015,1845430000000.0,4444930000000.0,1556510000000.0,2442480000000.0,3423570000000.0,2927910000000.0,18295000000000.0
2016,1887110000000.0,5003680000000.0,1527990000000.0,2470410000000.0,3537780000000.0,2689110000000.0,18804900000000.0
2017,1970720000000.0,4930840000000.0,1649270000000.0,2588870000000.0,3763090000000.0,2680150000000.0,19612100000000.0
2018,2099440000000.0,5040880000000.0,1725330000000.0,2781580000000.0,4052010000000.0,2871340000000.0,20656500000000.0
2019,2019610000000.0,5117990000000.0,1743730000000.0,2722790000000.0,3957210000000.0,2851410000000.0,21540000000000.0
2020,1907480000000.0,5054070000000.0,1655680000000.0,2647930000000.0,3940140000000.0,2696780000000.0,21354100000000.0
2021,2179210000000.0,5039150000000.0,2022380000000.0,2966430000000.0,4348300000000.0,3143320000000.0,23681200000000.0
2022,2104070000000.0,4262460000000.0,2190410000000.0,2796300000000.0,4163600000000.0,3114040000000.0,26006900000000.0
2023,2304610000000.0,4213170000000.0,2173340000000.0,3051830000000.0,4525700000000.0,3369860000000.0,27720700000000.0
2024,2372770000000.0,4026210000000.0,2241250000000.0,3162080000000.0,4659930000000.0,3643830000000.0,29184900000000.0
2025,2439086523270.391,3926247853237.3687,2331410754545.9507,3253643257703.0576,4808890593920.058,3730812052261.005,30675676875000.0
2026,2508314038003.442,3718089879271.099,2425179193901.727,3348351996356.1,4962319150764.26,3861543457399.0454,32193030625000.0
2027,2580452544199.153,3376143439808.304,2522555318067.329,3446206215959.127,5120215670532.607,3992975454731.608,33736961250000.0
2028,2655502041857.524,3092707820050.434,2623539127042.757,3547205916512.138,5282580153225.1,4162188196414.532,35307468750000.0
2029,2733462530978.555,2869785045207.644,2728130620828.0103,3651351098015.134,5449412598841.736,4303759343544.0664,36904553125000.0
2030,2814334011562.2466,2575586879456.026,2836329799423.089,3758641760468.114,5620713007382.518,4472019357141.638,38528214375000.0
2031,2898116483608.598,2219376416457.251,2948136662827.993,3869077903871.078,5796481378847.444,4626840271297.441,40178452500000.0
2032,2984809947117.61,1890613821799.1323,3063551211042.723,3982659528224.027,5976717713236.516,4803948870547.92,41855267500000.0
2033,3074414402089.2817,1575740434549.9282,3182573444067.279,4099386633526.96,6161422010549.731,4971010923029.964,43558659375000.0
2034,3166929848523.614,1214615769584.0137,3305203361901.6597,4219259219779.8774,6350594270787.093,5155715858048.621,45288628125000.0
2035,3262356286420.606,821373069454.828,3431440964545.866,4342277286982.7793,6544234493948.599,5334364061664.815,47045173750000.0
2036,3360693715780.2583,436037466714.7759,3561286251999.8984,4468440835135.665,6742342680034.249,5527561008831.969,48828296250000.0
2037,3461942136602.571,45705450236.00543,3694739224263.7563,4597749864238.535,6944918829044.044,5717412622677.115,50637995625000.0
2038,3566101548887.5435,-375978601695.30566,3831799881337.4395,4730204374291.39,7151962940977.984,5919390972001.183,52474271875000.0
2039,3673171952635.1763,-818055852602.4187,3972468223220.948,4865804365294.229,7363475015836.069,6120108994279.713,54337125000000.0
2040,3783153347845.469,-1263370399486.7896,4116744249914.2827,5004549837247.052,7579455053618.299,6331163353156.047,56226555000000.0
