country,selling_sector,buying_sector,Tc
JPN,A01_02,A01_02,0.12411422018417288
JPN,A01_02,A03,0.0004261538276894
JPN,A01_02,B05_06,0.0002777885723252333
JPN,A01_02,B07_08,0.0006145936179259
JPN,A01_02,B09,0.00021539904004246667
JPN,A01_02,C10T12,0.13749409754478978
JPN,A01_02,C13T15,0.004278624040128667
JPN,A01_02,C16,0.10569135808570011
JPN,A01_02,C17_18,0.00036230140628913334
JPN,A01_02,C19,4.746074724925831e-05
JPN,A01_02,C20,0.0014477209807403
JPN,A01_02,C21,0.0015026205472547334
JPN,A01_02,C22,0.005962731232356268
JPN,A01_02,C23,0.00021135900022446665
JPN,A01_02,C24,8.153068237274598e-05
JPN,A01_02,C25,0.0002783199501139667
JPN,A01_02,C26,0.0002912026978915333
JPN,A01_02,C27,0.00021986439546236666
JPN,A01_02,C28,0.00014868131759413332
JPN,A01_02,C29,7.558140187196544e-05
JPN,A01_02,C30,0.00021625081867473334
JPN,A01_02,C31T33,0.0015234006872938664
JPN,A01_02,D,7.638306690300758e-05
JPN,A01_02,E,9.317062004697223e-05
JPN,A01_02,F,0.0007916113079245333
JPN,A01_02,G,0.0030764189613716668
JPN,A01_02,H49,9.232690429335269e-05
JPN,A01_02,H50,0.0004720918719322333
JPN,A01_02,H51,0.00010437787616071022
JPN,A01_02,H52,0.0003284992386406
JPN,A01_02,H53,0.0006393501375865
JPN,A01_02,HFCE,0.016700396180034965
JPN,A01_02,I,0.02624070314539567
JPN,A01_02,J58T60,0.000181071461811
JPN,A01_02,J61,9.765774490312242e-05
JPN,A01_02,J62_63,9.115660719337221e-05
JPN,A01_02,K,0.00025234112638409996
JPN,A01_02,L,2.199666236088161e-05
JPN,A01_02,M,0.00047494448646843334
JPN,A01_02,N,0.0004941451521191666
JPN,A01_02,O,0.0001831876038509
JPN,A01_02,P,0.0016458097033671666
JPN,A01_02,Q,0.0025560549081115
JPN,A01_02,R,0.0033732569697193
JPN,A01_02,S,0.0023752869053563336
JPN,A01_02,T,0.0
JPN,A03,A01_02,5.154581456740163e-05
JPN,A03,A03,0.03829376444961257
JPN,A03,B05_06,0.0
JPN,A03,B07_08,0.00011378568720220001
JPN,A03,B09,0.0
JPN,A03,C10T12,0.0207010814074174
JPN,A03,C13T15,3.080268751587991e-05
JPN,A03,C16,1.4325724829092164e-05
JPN,A03,C17_18,1.4331493639168403e-05
JPN,A03,C19,1.1476085429160894e-05
JPN,A03,C20,4.201567236854683e-05
JPN,A03,C21,6.597656202366917e-05
JPN,A03,C22,5.922237535446232e-05
JPN,A03,C23,1.7837937080790072e-05
JPN,A03,C24,1.1626221338873208e-05
JPN,A03,C25,2.8062052824868096e-05
JPN,A03,C26,7.510584093437573e-05
JPN,A03,C27,5.1729301747527287e-05
JPN,A03,C28,2.0063085787952023e-05
JPN,A03,C29,1.9513588865820368e-05
JPN,A03,C30,4.5428925570289004e-05
JPN,A03,C31T33,0.004432373894262366
JPN,A03,D,1.6422602639106392e-05
JPN,A03,E,1.6573950563298307e-05
JPN,A03,F,2.4363150888822724e-05
JPN,A03,G,9.145641815792896e-05
JPN,A03,H49,3.299482442906833e-05
JPN,A03,H50,0.00021307420885816668
JPN,A03,H51,2.1204594629456174e-05
JPN,A03,H52,5.616372258167892e-05
JPN,A03,H53,0.00012983953222026667
JPN,A03,HFCE,0.0018308600999843666
JPN,A03,I,0.006428195303403768
JPN,A03,J58T60,3.853493234732643e-05
JPN,A03,J61,1.6929336627134255e-05
JPN,A03,J62_63,3.5600791751093695e-05
JPN,A03,K,5.318462814366831e-05
JPN,A03,L,4.095634222168064e-06
JPN,A03,M,2.141809091250298e-05
JPN,A03,N,1.8663393574922175e-05
JPN,A03,O,2.7772789221072844e-05
JPN,A03,P,6.433676156644027e-05
JPN,A03,Q,0.0005917400360337667
JPN,A03,R,0.00010399337323783332
JPN,A03,S,0.0002685608285665667
JPN,A03,T,0.0
JPN,B05_06,A01_02,0.00013175720533471088
JPN,B05_06,A03,0.00021804107424840003
JPN,B05_06,B05_06,0.0031115145677849333
JPN,B05_06,B07_08,0.0014617587019829334
JPN,B05_06,B09,0.011007402335844234
JPN,B05_06,C10T12,0.0003399600366718667
JPN,B05_06,C13T15,0.0019558323047660663
JPN,B05_06,C16,0.00014359377607206666
JPN,B05_06,C17_18,0.008784676249539
JPN,B05_06,C19,0.46106755085969003
JPN,B05_06,C20,0.011102045269672666
JPN,B05_06,C21,0.0006064964472804333
JPN,B05_06,C22,0.0008864268032464667
JPN,B05_06,C23,0.0134554647152725
JPN,B05_06,C24,0.004411328188861433
JPN,B05_06,C25,0.00030699039962529996
JPN,B05_06,C26,0.00013622402292619445
JPN,B05_06,C27,0.0004031049097958
JPN,B05_06,C28,0.00015881302513648512
JPN,B05_06,C29,0.0002102638032599
JPN,B05_06,C30,0.00014303891987226666
JPN,B05_06,C31T33,4.33617326959693e-05
JPN,B05_06,D,0.24169536164794228
JPN,B05_06,E,0.0007394724988336
JPN,B05_06,F,0.00010650645054887676
JPN,B05_06,G,0.00016178161249426665
JPN,B05_06,H49,0.0003732178840763333
JPN,B05_06,H50,0.0012562488344535667
JPN,B05_06,H51,0.0006795604953087667
JPN,B05_06,H52,7.591249664785355e-05
JPN,B05_06,H53,9.488700753891458e-05
JPN,B05_06,HFCE,9.39875962286686e-05
JPN,B05_06,I,8.819026098231195e-05
JPN,B05_06,J58T60,2.701753063537783e-05
JPN,B05_06,J61,3.172572072976478e-05
JPN,B05_06,J62_63,3.188128776005089e-05
JPN,B05_06,K,2.6583429939329702e-05
JPN,B05_06,L,7.3011203120891115e-06
JPN,B05_06,M,6.741940043108513e-05
JPN,B05_06,N,8.35860146861737e-05
JPN,B05_06,O,8.226903473946602e-05
JPN,B05_06,P,2.4606096904649616e-05
JPN,B05_06,Q,5.454520996391152e-05
JPN,B05_06,R,9.895307451209574e-05
JPN,B05_06,S,0.000113331794176818
JPN,B05_06,T,0.0
JPN,B07_08,A01_02,9.973763692837801e-05
JPN,B07_08,A03,7.51631021040038e-06
JPN,B07_08,B05_06,6.279703707104841e-05
JPN,B07_08,B07_08,0.012575118704773966
JPN,B07_08,B09,0.0156411433152038
JPN,B07_08,C10T12,4.520710839130888e-05
JPN,B07_08,C13T15,0.00019145378020493336
JPN,B07_08,C16,7.804658441520935e-05
JPN,B07_08,C17_18,0.0008381159800468335
JPN,B07_08,C19,0.0024650060575293667
JPN,B07_08,C20,0.0024862090256166
JPN,B07_08,C21,0.0004384329210415667
JPN,B07_08,C22,0.0005575424516727666
JPN,B07_08,C23,0.06164494899515883
JPN,B07_08,C24,0.08576034931432426
JPN,B07_08,C25,0.0010324261361089333
JPN,B07_08,C26,0.0015010144788155002
JPN,B07_08,C27,0.0011061980318098667
JPN,B07_08,C28,0.00041965035024440003
JPN,B07_08,C29,0.000297342402884
JPN,B07_08,C30,0.00038506125363096667
JPN,B07_08,C31T33,0.0008100681104900334
JPN,B07_08,D,3.8482218244718625e-05
JPN,B07_08,E,7.1808538211882796e-06
JPN,B07_08,F,0.009113370406768566
JPN,B07_08,G,2.270264382259093e-05
JPN,B07_08,H49,7.914067876251861e-05
JPN,B07_08,H50,4.2518793644297323e-05
JPN,B07_08,H51,7.364717564459134e-06
JPN,B07_08,H52,6.787339059522377e-06
JPN,B07_08,H53,0.0
JPN,B07_08,HFCE,1.4330153434094384e-05
JPN,B07_08,I,8.939744259426057e-06
JPN,B07_08,J58T60,1.131230426166087e-05
JPN,B07_08,J61,9.978904726372385e-06
JPN,B07_08,J62_63,6.288273196188479e-06
JPN,B07_08,K,4.5864014687841675e-06
JPN,B07_08,L,8.174061023438025e-07
JPN,B07_08,M,0.0011138087009765
JPN,B07_08,N,6.166822653628536e-06
JPN,B07_08,O,3.0383208899153235e-05
JPN,B07_08,P,2.4836682758774773e-06
JPN,B07_08,Q,2.6123917284181697e-05
JPN,B07_08,R,6.829696395643686e-05
JPN,B07_08,S,7.328365472922771e-05
JPN,B07_08,T,0.0
JPN,B09,A01_02,4.884341783563495e-05
JPN,B09,A03,0.00043906343707573336
JPN,B09,B05_06,0.0085668203326465
JPN,B09,B07_08,0.008339300806810368
JPN,B09,B09,0.024254295063508634
JPN,B09,C10T12,2.252461361711779e-05
JPN,B09,C13T15,5.070249798605626e-06
JPN,B09,C16,1.1239718063579754e-05
JPN,B09,C17_18,9.885755582982298e-05
JPN,B09,C19,0.0045350946349198
JPN,B09,C20,0.0002999164443192334
JPN,B09,C21,1.9262277512835387e-05
JPN,B09,C22,3.081354313952233e-05
JPN,B09,C23,0.0008840733370202
JPN,B09,C24,0.0008066381655563666
JPN,B09,C25,8.578370144970965e-05
JPN,B09,C26,8.475215831851351e-06
JPN,B09,C27,1.0507842065241023e-05
JPN,B09,C28,1.7224429344881133e-05
JPN,B09,C29,3.34228010801418e-06
JPN,B09,C30,8.289647364437585e-06
JPN,B09,C31T33,7.907567142100527e-06
JPN,B09,D,0.0005520048323591
JPN,B09,E,0.0001172665307858
JPN,B09,F,0.0004956926572970999
JPN,B09,G,7.662559081661138e-06
JPN,B09,H49,0.00010512018369542172
JPN,B09,H50,2.7482321974376138e-05
JPN,B09,H51,7.075770837243929e-05
JPN,B09,H52,7.700984613574222e-05
JPN,B09,H53,2.3883049483290226e-06
JPN,B09,HFCE,1.7893746933659982e-06
JPN,B09,I,5.919597508344143e-06
JPN,B09,J58T60,4.753591373505603e-06
JPN,B09,J61,3.9195676318944724e-06
JPN,B09,J62_63,4.664063535673907e-06
JPN,B09,K,4.567280752260112e-06
JPN,B09,L,1.6277545837370003e-05
JPN,B09,M,3.5935950923647626e-05
JPN,B09,N,1.826486636653635e-05
JPN,B09,O,1.9728356183736922e-05
JPN,B09,P,3.2853955087153593e-06
JPN,B09,Q,5.376049914675055e-06
JPN,B09,R,1.2495326059105464e-05
JPN,B09,S,3.482382575561339e-06
JPN,B09,T,0.0
JPN,C10T12,A01_02,0.055188905469330196
JPN,C10T12,A03,0.05231860510086404
JPN,C10T12,B05_06,0.0009204034067316
JPN,C10T12,B07_08,0.0028999634857349334
JPN,C10T12,B09,0.0004964745953429667
JPN,C10T12,C10T12,0.10809935831879323
JPN,C10T12,C13T15,0.004336847664739033
JPN,C10T12,C16,0.0013039411274974667
JPN,C10T12,C17_18,0.0013796518393898334
JPN,C10T12,C19,0.0003750352077669667
JPN,C10T12,C20,0.0042290892981681665
JPN,C10T12,C21,0.0028759521802048
JPN,C10T12,C22,0.0007970217029888666
JPN,C10T12,C23,0.0008089807772757333
JPN,C10T12,C24,0.0002920794057082
JPN,C10T12,C25,0.0005280948483593
JPN,C10T12,C26,0.0007735359621667666
JPN,C10T12,C27,0.0007003317987171333
JPN,C10T12,C28,0.0005233354667341667
JPN,C10T12,C29,0.00024570677242876667
JPN,C10T12,C30,0.0005241212257513333
JPN,C10T12,C31T33,0.0011967769632609665
JPN,C10T12,D,0.00042210108222896667
JPN,C10T12,E,0.0005627461405122333
JPN,C10T12,F,0.0006273643115151333
JPN,C10T12,G,0.0043115220589264
JPN,C10T12,H49,0.0006334128501147334
JPN,C10T12,H50,0.003973354656266599
JPN,C10T12,H51,0.0005069301471282
JPN,C10T12,H52,0.0018201176220142667
JPN,C10T12,H53,0.0034587360286617666
JPN,C10T12,HFCE,0.10347933634455847
JPN,C10T12,I,0.14930828875663452
JPN,C10T12,J58T60,0.0006343039138446333
JPN,C10T12,J61,0.0014495910539858332
JPN,C10T12,J62_63,0.0007131193003368999
JPN,C10T12,K,0.001068111286639
JPN,C10T12,L,0.0001758875546381
JPN,C10T12,M,0.0009867500639799
JPN,C10T12,N,0.0009017588862333666
JPN,C10T12,O,0.0008878233254919001
JPN,C10T12,P,0.0035992034346643
JPN,C10T12,Q,0.007174747424874066
JPN,C10T12,R,0.0022262089426740334
JPN,C10T12,S,0.0042581851349185
JPN,C10T12,T,0.0
JPN,C13T15,A01_02,0.0030072446780865336
JPN,C13T15,A03,0.0240420650155292
JPN,C13T15,B05_06,0.0018458060089445998
JPN,C13T15,B07_08,0.0022065945538688
JPN,C13T15,B09,0.0012294466124826333
JPN,C13T15,C10T12,0.0013065690835007999
JPN,C13T15,C13T15,0.1986820289927617
JPN,C13T15,C16,0.0018833690544221
JPN,C13T15,C17_18,0.005258088401332634
JPN,C13T15,C19,0.0001031033128226311
JPN,C13T15,C20,0.0007315804273185667
JPN,C13T15,C21,0.0004989398764765
JPN,C13T15,C22,0.006052034408719767
JPN,C13T15,C23,0.0048925982226623
JPN,C13T15,C24,0.0003249635517798667
JPN,C13T15,C25,0.0009914950105228667
JPN,C13T15,C26,0.0011987087226719001
JPN,C13T15,C27,0.0020380829619621333
JPN,C13T15,C28,0.0011279895001068334
JPN,C13T15,C29,0.0011928375651783334
JPN,C13T15,C30,0.0016844415941950667
JPN,C13T15,C31T33,0.011863199091945734
JPN,C13T15,D,0.0003335109795255
JPN,C13T15,E,0.0006369998214428666
JPN,C13T15,F,0.0021281723320486
JPN,C13T15,G,0.0025334906968964336
JPN,C13T15,H49,0.0013510397400102998
JPN,C13T15,H50,0.0121079286225489
JPN,C13T15,H51,0.0013779231663148333
JPN,C13T15,H52,0.0023125752771447666
JPN,C13T15,H53,0.0045734861437686
JPN,C13T15,HFCE,0.015300672549139666
JPN,C13T15,I,0.0017267927381205332
JPN,C13T15,J58T60,0.0010419606342348
JPN,C13T15,J61,0.0020114489826245
JPN,C13T15,J62_63,0.0013008831690937
JPN,C13T15,K,0.0014256405780542665
JPN,C13T15,L,6.15094597472785e-05
JPN,C13T15,M,0.0018897167666719666
JPN,C13T15,N,0.0020318031125209
JPN,C13T15,O,0.0022085755217851667
JPN,C13T15,P,0.0009205269906152333
JPN,C13T15,Q,0.002157034649292167
JPN,C13T15,R,0.007422968905759633
JPN,C13T15,S,0.0067535653780215
JPN,C13T15,T,0.0
JPN,C16,A01_02,0.0015685552524961333
JPN,C16,A03,0.0012595481300347333
JPN,C16,B05_06,0.00033766653250223336
JPN,C16,B07_08,9.875748069607136e-05
JPN,C16,B09,0.0005407052113569
JPN,C16,C10T12,0.0004025614148341
JPN,C16,C13T15,0.0003451578149200334
JPN,C16,C16,0.16075994069613175
JPN,C16,C17_18,0.0192105439491701
JPN,C16,C19,1.9888914657780156e-05
JPN,C16,C20,0.0002181503336445667
JPN,C16,C21,9.033052334735593e-05
JPN,C16,C22,0.0005355709245106667
JPN,C16,C23,0.002760293363129567
JPN,C16,C24,0.00020825433314413332
JPN,C16,C25,0.000910172302229
JPN,C16,C26,0.0002681049030050667
JPN,C16,C27,0.00024510830109420004
JPN,C16,C28,0.00029874677876753333
JPN,C16,C29,0.0001809452583805
JPN,C16,C30,0.0011457091230923
JPN,C16,C31T33,0.027993413509259702
JPN,C16,D,0.0012237479665812333
JPN,C16,E,1.8781836088927782e-05
JPN,C16,F,0.024476101320328764
JPN,C16,G,0.0006574855376710667
JPN,C16,H49,3.721691351675104e-05
JPN,C16,H50,0.0001664673919529667
JPN,C16,H51,2.1204594629456174e-05
JPN,C16,H52,0.005575855876790867
JPN,C16,H53,0.00014623207153179998
JPN,C16,HFCE,0.00029470467246843333
JPN,C16,I,0.0007671988766265
JPN,C16,J58T60,0.00013546166659229896
JPN,C16,J61,5.364500390630766e-05
JPN,C16,J62_63,4.8324178502392595e-05
JPN,C16,K,0.00011332504722540332
JPN,C16,L,5.64286048103194e-06
JPN,C16,M,0.00017039825282829998
JPN,C16,N,0.00019663871748843331
JPN,C16,O,5.230070080831524e-05
JPN,C16,P,5.2154179989472764e-05
JPN,C16,Q,4.343692397080647e-05
JPN,C16,R,0.0007547217919167333
JPN,C16,S,0.00048155303665910003
JPN,C16,T,0.0
JPN,C17_18,A01_02,0.02897191565865043
JPN,C17_18,A03,0.0028524721592698998
JPN,C17_18,B05_06,0.0009502025604356334
JPN,C17_18,B07_08,0.002573913378963067
JPN,C17_18,B09,0.0010571539651102
JPN,C17_18,C10T12,0.022441345845604633
JPN,C17_18,C13T15,0.006982528086969166
JPN,C17_18,C16,0.013223692257691032
JPN,C17_18,C17_18,0.23343208790409128
JPN,C17_18,C19,0.0002780702869483333
JPN,C17_18,C20,0.010873585345397266
JPN,C17_18,C21,0.011215782497362966
JPN,C17_18,C22,0.007844280124368367
JPN,C17_18,C23,0.013996206159759666
JPN,C17_18,C24,0.0007865873460616
JPN,C17_18,C25,0.004557005370741933
JPN,C17_18,C26,0.0090447964162982
JPN,C17_18,C27,0.009766347416511735
JPN,C17_18,C28,0.003597921906672
JPN,C17_18,C29,0.0013953018798538667
JPN,C17_18,C30,0.0036425596396504334
JPN,C17_18,C31T33,0.015095544415859667
JPN,C17_18,D,0.0017269440552833998
JPN,C17_18,E,0.002467281775039
JPN,C17_18,F,0.0033282653538495998
JPN,C17_18,G,0.012179840003194933
JPN,C17_18,H49,0.0036962953400694
JPN,C17_18,H50,0.009216204020801267
JPN,C17_18,H51,0.0026660527742852665
JPN,C17_18,H52,0.0213690855786129
JPN,C17_18,H53,0.027057794854349768
JPN,C17_18,HFCE,0.0014874548449537999
JPN,C17_18,I,0.004760576363223233
JPN,C17_18,J58T60,0.05113895570892607
JPN,C17_18,J61,0.0113435464724776
JPN,C17_18,J62_63,0.0148724931509426
JPN,C17_18,K,0.019173213093092303
JPN,C17_18,L,0.00038670834075646665
JPN,C17_18,M,0.012084027065375
JPN,C17_18,N,0.007805236905356234
JPN,C17_18,O,0.009459094924153566
JPN,C17_18,P,0.0129090511522576
JPN,C17_18,Q,0.0083524194800412
JPN,C17_18,R,0.007003720864600334
JPN,C17_18,S,0.007318876711267166
JPN,C17_18,T,0.0
JPN,C19,A01_02,0.020815110038413367
JPN,C19,A03,0.049129214298774794
JPN,C19,B05_06,0.011381437881431901
JPN,C19,B07_08,0.07719499975784737
JPN,C19,B09,0.03571623008342987
JPN,C19,C10T12,0.004228296310831933
JPN,C19,C13T15,0.0071674626811753335
JPN,C19,C16,0.005735845920116199
JPN,C19,C17_18,0.004457595829289799
JPN,C19,C19,0.037990294587419565
JPN,C19,C20,0.05755709233693084
JPN,C19,C21,0.012933195797427235
JPN,C19,C22,0.0034339900890324334
JPN,C19,C23,0.0143720566374958
JPN,C19,C24,0.008809959545932933
JPN,C19,C25,0.0036869271767078003
JPN,C19,C26,0.0010790972509366
JPN,C19,C27,0.0020079033265731003
JPN,C19,C28,0.0014878025228907
JPN,C19,C29,0.0004543452026817485
JPN,C19,C30,0.0030848916280587333
JPN,C19,C31T33,0.004201104048971267
JPN,C19,D,0.02934530160652203
JPN,C19,E,0.006041010287890033
JPN,C19,F,0.015607053348723266
JPN,C19,G,0.0115270025831005
JPN,C19,H49,0.04163598588761593
JPN,C19,H50,0.15744749100631053
JPN,C19,H51,0.17384531498281616
JPN,C19,H52,0.0050835367875057
JPN,C19,H53,0.018511577323422835
JPN,C19,HFCE,0.023131154723433068
JPN,C19,I,0.005774339823885467
JPN,C19,J58T60,0.0029888833186374666
JPN,C19,J61,0.0021871356178201
JPN,C19,J62_63,0.0039057228751335333
JPN,C19,K,0.0032012440360470336
JPN,C19,L,0.0010201082273622
JPN,C19,M,0.0081330254197668
JPN,C19,N,0.015268747567565832
JPN,C19,O,0.013936656388751767
JPN,C19,P,0.003868821034006167
JPN,C19,Q,0.0036488216263032996
JPN,C19,R,0.018009422852056867
JPN,C19,S,0.0098550102261411
JPN,C19,T,0.0
JPN,C20,A01_02,0.061355174356558
JPN,C20,A03,0.0087830343719459
JPN,C20,B05_06,0.0021481148867236
JPN,C20,B07_08,0.030956087260055536
JPN,C20,B09,0.021584751264244934
JPN,C20,C10T12,0.009257212639400299
JPN,C20,C13T15,0.034041754670845394
JPN,C20,C16,0.042320908268298964
JPN,C20,C17_18,0.03363661155100744
JPN,C20,C19,0.004835774287023634
JPN,C20,C20,0.24682134608008396
JPN,C20,C21,0.07104234522718446
JPN,C20,C22,0.14137177442836046
JPN,C20,C23,0.028678257077754368
JPN,C20,C24,0.0057636983561454675
JPN,C20,C25,0.008939062600603266
JPN,C20,C26,0.011791381532994902
JPN,C20,C27,0.016056643115831368
JPN,C20,C28,0.007075994783490534
JPN,C20,C29,0.009343875105656834
JPN,C20,C30,0.010531770735833565
JPN,C20,C31T33,0.020876118473979504
JPN,C20,D,0.0008819301542958667
JPN,C20,E,0.007498512673922034
JPN,C20,F,0.005685624239178334
JPN,C20,G,0.027762862741822467
JPN,C20,H49,0.0010239834384842999
JPN,C20,H50,0.0030214354996615004
JPN,C20,H51,0.0008179896048015334
JPN,C20,H52,0.0019935132516781
JPN,C20,H53,0.0036308679836058
JPN,C20,HFCE,0.0081115320064965
JPN,C20,I,0.0037785865750001
JPN,C20,J58T60,0.0047436948921477
JPN,C20,J61,0.0006406964489856333
JPN,C20,J62_63,0.0014842100181957666
JPN,C20,K,0.0007655394086535667
JPN,C20,L,0.00013146979737030002
JPN,C20,M,0.005904882644558834
JPN,C20,N,0.004538732797321167
JPN,C20,O,0.0009212853908353667
JPN,C20,P,0.0007872681107339666
JPN,C20,Q,0.016279376068767365
JPN,C20,R,0.006118964671400734
JPN,C20,S,0.020838423843636
JPN,C20,T,0.0
JPN,C21,A01_02,0.004339645793226266
JPN,C21,A03,0.0024802246794432335
JPN,C21,B05_06,9.259619077508321e-05
JPN,C21,B07_08,0.0023228649305576665
JPN,C21,B09,0.0004528060910009666
JPN,C21,C10T12,0.0014497983227242668
JPN,C21,C13T15,0.0013169469816881666
JPN,C21,C16,0.0027560482258679997
JPN,C21,C17_18,0.0014226092825161667
JPN,C21,C19,0.00038039695743221025
JPN,C21,C20,0.011436959465485166
JPN,C21,C21,0.15403670229619262
JPN,C21,C22,0.004322263596761433
JPN,C21,C23,0.0011950196450907
JPN,C21,C24,0.0001301391903873
JPN,C21,C25,0.0005549230160779667
JPN,C21,C26,0.0009398601728843667
JPN,C21,C27,0.0007328928291143
JPN,C21,C28,0.0005534359825176333
JPN,C21,C29,0.00044617572856583336
JPN,C21,C30,0.0001328844306366
JPN,C21,C31T33,0.0019265909300752334
JPN,C21,D,9.121900331700446e-05
JPN,C21,E,0.0003920449361215
JPN,C21,F,0.0002557865881968
JPN,C21,G,0.0034476858186145
JPN,C21,H49,0.00010241200601948169
JPN,C21,H50,0.00042737195464133334
JPN,C21,H51,0.00011060433903384428
JPN,C21,H52,0.00021074456192823334
JPN,C21,H53,0.0007839169406198334
JPN,C21,HFCE,0.008500225219066267
JPN,C21,I,0.0004007926933694
JPN,C21,J58T60,0.00019188070062230002
JPN,C21,J61,0.00025978421287493333
JPN,C21,J62_63,0.00023775935043030002
JPN,C21,K,0.00016493329882613333
JPN,C21,L,1.1464965779465514e-05
JPN,C21,M,0.0012840484543858667
JPN,C21,N,0.0006986167054540667
JPN,C21,O,0.00041461106251223335
JPN,C21,P,0.00019938417708186668
JPN,C21,Q,0.05795794924408184
JPN,C21,R,0.0007297116957594666
JPN,C21,S,0.0011097239011866999
JPN,C21,T,0.0
JPN,C22,A01_02,0.0103308325360634
JPN,C22,A03,0.017293613435583333
JPN,C22,B05_06,0.0050457565303301
JPN,C22,B07_08,0.008340878219320766
JPN,C22,B09,0.005102445554085368
JPN,C22,C10T12,0.018992643432076402
JPN,C22,C13T15,0.014741929599825634
JPN,C22,C16,0.010546266783506899
JPN,C22,C17_18,0.030380599229559737
JPN,C22,C19,0.00019589511726866667
JPN,C22,C20,0.013529683096797565
JPN,C22,C21,0.010709460796759733
JPN,C22,C22,0.16621693856023642
JPN,C22,C23,0.006726284026580267
JPN,C22,C24,0.0019296105753154001
JPN,C22,C25,0.0063669541666725
JPN,C22,C26,0.030932388049250432
JPN,C22,C27,0.026855961494829134
JPN,C22,C28,0.016162162242161934
JPN,C22,C29,0.032055128417613536
JPN,C22,C30,0.015020499553376998
JPN,C22,C31T33,0.04232657704341747
JPN,C22,D,5.7960041652131194e-05
JPN,C22,E,0.0157023299356014
JPN,C22,F,0.012490941099560832
JPN,C22,G,0.0096468310887563
JPN,C22,H49,0.0020485377051913333
JPN,C22,H50,0.005564163981035967
JPN,C22,H51,0.0011877119380450001
JPN,C22,H52,0.005235440571967567
JPN,C22,H53,0.0016930868309871334
JPN,C22,HFCE,0.004877256163804266
JPN,C22,I,0.0020897315026568004
JPN,C22,J58T60,0.001969439170954567
JPN,C22,J61,0.00048732725392423333
JPN,C22,J62_63,0.010705097640573402
JPN,C22,K,0.003935412554903567
JPN,C22,L,0.0008187831980675667
JPN,C22,M,0.0054962209288739
JPN,C22,N,0.0051638051112777
JPN,C22,O,0.0020903092257102667
JPN,C22,P,0.0009562805935547668
JPN,C22,Q,0.0026684943346297
JPN,C22,R,0.010302216457742767
JPN,C22,S,0.011885987321680067
JPN,C22,T,0.0
JPN,C23,A01_02,0.0031234246511260334
JPN,C23,A03,0.00014053242412086667
JPN,C23,B05_06,0.0016909720866362665
JPN,C23,B07_08,0.000985241024508
JPN,C23,B09,0.0069051565721366
JPN,C23,C10T12,0.002692818667172567
JPN,C23,C13T15,0.0006886281556441999
JPN,C23,C16,0.0002875391390300334
JPN,C23,C17_18,0.0005278152730858334
JPN,C23,C19,0.00023727743618033332
JPN,C23,C20,0.004481306057224701
JPN,C23,C21,0.004102615204072966
JPN,C23,C22,0.003409853606493133
JPN,C23,C23,0.07307688716988144
JPN,C23,C24,0.0055386977161864
JPN,C23,C25,0.0032982530494488666
JPN,C23,C26,0.0044290547082427995
JPN,C23,C27,0.018165549473256503
JPN,C23,C28,0.006003000653001166
JPN,C23,C29,0.005171948888601067
JPN,C23,C30,0.0047064302395122
JPN,C23,C31T33,0.0089960936563914
JPN,C23,D,9.713338212610243e-05
JPN,C23,E,0.0012980420833350666
JPN,C23,F,0.04968221955771873
JPN,C23,G,0.0007741881922514667
JPN,C23,H49,0.00022534544819153334
JPN,C23,H50,0.0008255795427885333
JPN,C23,H51,0.00012241640334358453
JPN,C23,H52,0.00011391473485903333
JPN,C23,H53,0.00029252300380796663
JPN,C23,HFCE,0.0007029069268599666
JPN,C23,I,0.002369217437964
JPN,C23,J58T60,0.0001418951727834
JPN,C23,J61,7.431717878784632e-05
JPN,C23,J62_63,9.67616428709579e-05
JPN,C23,K,0.00014710020757879999
JPN,C23,L,0.00011810190583913333
JPN,C23,M,0.00023239513121023334
JPN,C23,N,0.000187134889198
JPN,C23,O,0.00027748082172250003
JPN,C23,P,0.0016119492861793334
JPN,C23,Q,0.0012773171856061334
JPN,C23,R,0.0018506740574901666
JPN,C23,S,0.0024181461205192664
JPN,C23,T,0.0
JPN,C24,A01_02,9.305737974406657e-05
JPN,C24,A03,0.00029830201367263336
JPN,C24,B05_06,0.010304144824558234
JPN,C24,B07_08,0.0041710893591385
JPN,C24,B09,0.0138405686545261
JPN,C24,C10T12,0.0017030891089648333
JPN,C24,C13T15,0.0013383043686248668
JPN,C24,C16,0.0038464068693322665
JPN,C24,C17_18,0.0010069302577057
JPN,C24,C19,0.00012555456095435
JPN,C24,C20,0.005657768410691999
JPN,C24,C21,0.0012690491894242334
JPN,C24,C22,0.010781416187931799
JPN,C24,C23,0.0169299025357936
JPN,C24,C24,0.42575409133015807
JPN,C24,C25,0.2722624012432721
JPN,C24,C26,0.05133444008771496
JPN,C24,C27,0.08217226833737473
JPN,C24,C28,0.10963580027925328
JPN,C24,C29,0.0749922461993644
JPN,C24,C30,0.12561508176089112
JPN,C24,C31T33,0.038711688486693034
JPN,C24,D,0.0002463361809727
JPN,C24,E,0.00020878914872443332
JPN,C24,F,0.0363054532718543
JPN,C24,G,0.0004070436317736667
JPN,C24,H49,0.0003125626837013333
JPN,C24,H50,0.00040142373083756666
JPN,C24,H51,4.28013540680426e-05
JPN,C24,H52,0.0019713114842983335
JPN,C24,H53,4.390855320291834e-05
JPN,C24,HFCE,0.0011179605781696334
JPN,C24,I,0.0005716314067963666
JPN,C24,J58T60,0.00030909519708450004
JPN,C24,J61,2.2278019004259215e-05
JPN,C24,J62_63,2.641470416750395e-05
JPN,C24,K,2.0188807341649257e-05
JPN,C24,L,2.0620043775100206e-06
JPN,C24,M,5.5049296880602094e-05
JPN,C24,N,2.4108726878602278e-05
JPN,C24,O,0.0002972159446120333
JPN,C24,P,3.027669748419884e-05
JPN,C24,Q,0.0019745113176309332
JPN,C24,R,5.635743481187236e-05
JPN,C24,S,0.0013526167156466
JPN,C24,T,0.0
JPN,C25,A01_02,0.0020296074893683667
JPN,C25,A03,0.0018682266384903333
JPN,C25,B05_06,0.020651212453467033
JPN,C25,B07_08,0.004641945652406567
JPN,C25,B09,0.019566610787711068
JPN,C25,C10T12,0.013204010759096866
JPN,C25,C13T15,0.0028612887237825665
JPN,C25,C16,0.0118911091346885
JPN,C25,C17_18,0.0012530065700275333
JPN,C25,C19,0.0004501148251547333
JPN,C25,C20,0.007642005439007167
JPN,C25,C21,0.0036952997839976
JPN,C25,C22,0.0068702439719376006
JPN,C25,C23,0.009264131152978966
JPN,C25,C24,0.0012285412840994999
JPN,C25,C25,0.055764095522150565
JPN,C25,C26,0.020884992103558066
JPN,C25,C27,0.022238404849768065
JPN,C25,C28,0.02861419802068463
JPN,C25,C29,0.008208438304030233
JPN,C25,C30,0.019926203438125234
JPN,C25,C31T33,0.026933926714946498
JPN,C25,D,0.0005089012985208667
JPN,C25,E,0.0005388341476739
JPN,C25,F,0.09142100689787223
JPN,C25,G,0.004213321725059633
JPN,C25,H49,0.0016827632484425002
JPN,C25,H50,0.006041326401389833
JPN,C25,H51,0.00025955279277566664
JPN,C25,H52,0.0047512487696003
JPN,C25,H53,0.0003136284309092333
JPN,C25,HFCE,0.0016191300987613
JPN,C25,I,0.003244480879547533
JPN,C25,J58T60,0.0003552163780469333
JPN,C25,J61,0.0008994758230244667
JPN,C25,J62_63,0.00039153077298703334
JPN,C25,K,0.0003283591740391334
JPN,C25,L,0.00043919358943840005
JPN,C25,M,0.0005640941480523667
JPN,C25,N,0.0005963382358473667
JPN,C25,O,0.0052504877744418005
JPN,C25,P,0.0003619057103686
JPN,C25,Q,0.0005563212209574667
JPN,C25,R,0.00045197565908410004
JPN,C25,S,0.006539922238255567
JPN,C25,T,0.0
JPN,C26,A01_02,0.00019600022966299998
JPN,C26,A03,0.00044111190767023335
JPN,C26,B05_06,0.0002777885723252333
JPN,C26,B07_08,0.0009181653355861333
JPN,C26,B09,0.003566113516990733
JPN,C26,C10T12,0.00023201687111103336
JPN,C26,C13T15,0.00027417595520363335
JPN,C26,C16,0.0002543915448669667
JPN,C26,C17_18,0.00023010894600579998
JPN,C26,C19,8.10340124053433e-05
JPN,C26,C20,0.0003969351091655667
JPN,C26,C21,0.0002991811621876333
JPN,C26,C22,0.0003910398605089667
JPN,C26,C23,0.0002453710190089
JPN,C26,C24,0.00027747258717876667
JPN,C26,C25,0.00041388452693936665
JPN,C26,C26,0.0246625994032215
JPN,C26,C27,0.0013481099721622998
JPN,C26,C28,0.0012433983420081
JPN,C26,C29,0.007325995254900733
JPN,C26,C30,0.0043731799501808
JPN,C26,C31T33,0.0011177209516913666
JPN,C26,D,0.00024932210454723335
JPN,C26,E,0.00019747046577383337
JPN,C26,F,0.0028796969401426666
JPN,C26,G,0.0015494004321461334
JPN,C26,H49,0.0006971920450111
JPN,C26,H50,0.0012468901322259666
JPN,C26,H51,0.00036088872801643334
JPN,C26,H52,0.00046464395817619994
JPN,C26,H53,0.0006972629251526001
JPN,C26,HFCE,0.0368547605767724
JPN,C26,I,0.0005555954404180667
JPN,C26,J58T60,0.0008575391365277001
JPN,C26,J61,0.0005023242865844667
JPN,C26,J62_63,0.0010870541938371335
JPN,C26,K,0.0008885881264958
JPN,C26,L,0.00018659469067399998
JPN,C26,M,0.0023487521279216333
JPN,C26,N,0.0013579216518599332
JPN,C26,O,0.0037231245409771667
JPN,C26,P,0.00019490006003013334
JPN,C26,Q,0.0002357635692189667
JPN,C26,R,0.0009819595857424332
JPN,C26,S,0.0011817847905572665
JPN,C26,T,0.0
JPN,C27,A01_02,0.00011017251008103332
JPN,C27,A03,0.0011272650271799667
JPN,C27,B05_06,0.00018519238155013332
JPN,C27,B07_08,0.0019102644474345333
JPN,C27,B09,0.0019849887522102
JPN,C27,C10T12,0.00010469121095853816
JPN,C27,C13T15,0.0004214283938604
JPN,C27,C16,0.0002100641146425
JPN,C27,C17_18,0.00028107334197870003
JPN,C27,C19,5.2312291998431975e-05
JPN,C27,C20,0.0006801665649502666
JPN,C27,C21,0.0004125500178607
JPN,C27,C22,0.0019748743881728
JPN,C27,C23,9.096870612420471e-05
JPN,C27,C24,0.0015843353873322
JPN,C27,C25,0.0038942412172903
JPN,C27,C26,0.13423705652519213
JPN,C27,C27,0.14704870584519228
JPN,C27,C28,0.0284807759883756
JPN,C27,C29,0.030278317704270866
JPN,C27,C30,0.009265738816917933
JPN,C27,C31T33,0.014430765187838234
JPN,C27,D,8.759125326551348e-05
JPN,C27,E,0.0001200029144368
JPN,C27,F,0.0044739612719709
JPN,C27,G,0.008598882513846167
JPN,C27,H49,0.0003976628980615667
JPN,C27,H50,0.0009755180978122667
JPN,C27,H51,0.0001847673624398
JPN,C27,H52,0.0005180711025459333
JPN,C27,H53,0.0006928659099645667
JPN,C27,HFCE,0.013504248494828
JPN,C27,I,0.00018360048503226665
JPN,C27,J58T60,0.0053277373493353
JPN,C27,J61,0.00041617775552673335
JPN,C27,J62_63,0.0007267976406169001
JPN,C27,K,0.0002857775952276
JPN,C27,L,2.8587242046042767e-05
JPN,C27,M,0.0002836237061006333
JPN,C27,N,0.00023394593542873333
JPN,C27,O,0.0034880434673104
JPN,C27,P,0.0004230344014282
JPN,C27,Q,0.0002074193041214
JPN,C27,R,0.0007504373552711
JPN,C27,S,0.0005793545506588999
JPN,C27,T,0.0
JPN,C28,A01_02,0.00022279039123589999
JPN,C28,A03,0.00010031362557867946
JPN,C28,B05_06,0.0031131924843984665
JPN,C28,B07_08,0.0022060726355529
JPN,C28,B09,0.0328224757631688
JPN,C28,C10T12,0.00012749200861626665
JPN,C28,C13T15,0.00048013826788506674
JPN,C28,C16,0.0003548079578580333
JPN,C28,C17_18,9.657212812411014e-05
JPN,C28,C19,6.266776902603239e-05
JPN,C28,C20,0.0004269562488229334
JPN,C28,C21,0.00034056014837993335
JPN,C28,C22,0.004247292043542267
JPN,C28,C23,0.0033255856101522
JPN,C28,C24,0.0008348624477564334
JPN,C28,C25,0.004756806398152533
JPN,C28,C26,0.0112022192106419
JPN,C28,C27,0.018051884672623267
JPN,C28,C28,0.14824426292608175
JPN,C28,C29,0.009676804800538367
JPN,C28,C30,0.0241334551355701
JPN,C28,C31T33,0.0224616405447333
JPN,C28,D,0.00012115046192307098
JPN,C28,E,0.001698298210421
JPN,C28,F,0.0081510902742657
JPN,C28,G,0.017305690057466402
JPN,C28,H49,0.0004867741139405
JPN,C28,H50,0.0006588262170528666
JPN,C28,H51,0.00044913087607433336
JPN,C28,H52,0.0008058893025201
JPN,C28,H53,0.0006522814333604
JPN,C28,HFCE,0.0008777710367436001
JPN,C28,I,9.972466504764659e-05
JPN,C28,J58T60,0.0009118464100392
JPN,C28,J61,0.00024610151431320003
JPN,C28,J62_63,0.0003339611041429666
JPN,C28,K,0.0002306364636065
JPN,C28,L,3.688369997888826e-05
JPN,C28,M,0.0008139275422925333
JPN,C28,N,0.0009703449963723667
JPN,C28,O,0.005861283489037634
JPN,C28,P,0.00011938205421866667
JPN,C28,Q,0.012204574245361468
JPN,C28,R,0.003551008229118467
JPN,C28,S,0.0019003291286076665
JPN,C28,T,0.0
JPN,C29,A01_02,3.4151411352918015e-05
JPN,C29,A03,3.006524084160152e-05
JPN,C29,B05_06,0.0
JPN,C29,B07_08,0.00011378568720220001
JPN,C29,B09,0.0017923744289375333
JPN,C29,C10T12,2.2370051367389977e-05
JPN,C29,C13T15,0.0010973736273600333
JPN,C29,C16,0.00012896146446286666
JPN,C29,C17_18,2.6844700586546342e-05
JPN,C29,C19,1.9367985167817637e-05
JPN,C29,C20,0.00029007475280483336
JPN,C29,C21,0.0002224965418579333
JPN,C29,C22,0.0011637465148793666
JPN,C29,C23,0.00010125215609114459
JPN,C29,C24,0.0002850491124221667
JPN,C29,C25,0.0029593542607248002
JPN,C29,C26,0.02477302283424297
JPN,C29,C27,0.008728283841434934
JPN,C29,C28,0.007494578420765399
JPN,C29,C29,0.39384753226508823
JPN,C29,C30,0.018738891555692635
JPN,C29,C31T33,0.0155347319855221
JPN,C29,D,6.464224351765052e-05
JPN,C29,E,1.751169754420294e-05
JPN,C29,F,5.994089018019082e-05
JPN,C29,G,0.017251189507728033
JPN,C29,H49,0.00045019556541533334
JPN,C29,H50,1.2631670336682497e-05
JPN,C29,H51,3.8219988181449837e-05
JPN,C29,H52,3.0031484674057515e-05
JPN,C29,H53,1.784021124686671e-05
JPN,C29,HFCE,0.038863948081020734
JPN,C29,I,1.3267121442467065e-05
JPN,C29,J58T60,3.287515295904623e-05
JPN,C29,J61,0.00034991327733479996
JPN,C29,J62_63,0.0005051380186083
JPN,C29,K,2.9618023911240917e-05
JPN,C29,L,7.70479945012186e-06
JPN,C29,M,6.168209935688158e-05
JPN,C29,N,8.964805956697198e-05
JPN,C29,O,0.0004013244095961333
JPN,C29,P,1.6571922957551265e-05
JPN,C29,Q,4.4329084972330836e-05
JPN,C29,R,3.4104205727646816e-05
JPN,C29,S,0.006909217736466578
JPN,C29,T,0.0
JPN,C30,A01_02,1.8583568587545436e-05
JPN,C30,A03,0.06848123346663607
JPN,C30,B05_06,0.0
JPN,C30,B07_08,9.846719949809791e-05
JPN,C30,B09,0.00012953377219223334
JPN,C30,C10T12,1.0249284558676852e-05
JPN,C30,C13T15,2.0542839252505132e-05
JPN,C30,C16,5.235816815317557e-05
JPN,C30,C17_18,1.226527781844843e-05
JPN,C30,C19,4.551137239417605e-06
JPN,C30,C20,3.6767972019265826e-05
JPN,C30,C21,2.5789921367334597e-05
JPN,C30,C22,0.00017161495499426666
JPN,C30,C23,7.783759817956536e-05
JPN,C30,C24,3.0987928690279185e-05
JPN,C30,C25,0.0005137826039887667
JPN,C30,C26,0.003344046171262067
JPN,C30,C27,0.0008539266354854333
JPN,C30,C28,0.0022111272700712664
JPN,C30,C29,0.0005646936463364667
JPN,C30,C30,0.2686088946135991
JPN,C30,C31T33,0.0006519340141003001
JPN,C30,D,1.6564749792876484e-05
JPN,C30,E,8.750852690012475e-06
JPN,C30,F,2.183504949526113e-05
JPN,C30,G,0.0006338950041016
JPN,C30,H49,0.013120887438439068
JPN,C30,H50,0.06676645610328837
JPN,C30,H51,0.11780456914469313
JPN,C30,H52,0.0018251350709044998
JPN,C30,H53,7.725953149268845e-06
JPN,C30,HFCE,0.0010990691731359668
JPN,C30,I,2.147149316548066e-05
JPN,C30,J58T60,1.4641859872131286e-05
JPN,C30,J61,1.2650181589610076e-05
JPN,C30,J62_63,1.3277773927178783e-05
JPN,C30,K,6.826803025579398e-06
JPN,C30,L,1.106404626819789e-06
JPN,C30,M,2.841631006010938e-05
JPN,C30,N,3.079642601631366e-05
JPN,C30,O,0.004674229251519267
JPN,C30,P,0.00011688433812804323
JPN,C30,Q,6.592080861857663e-06
JPN,C30,R,4.455209921913594e-05
JPN,C30,S,0.00045343130643733337
JPN,C30,T,0.0
JPN,C31T33,A01_02,0.010685171681416432
JPN,C31T33,A03,0.017414702773853933
JPN,C31T33,B05_06,0.014112656694562234
JPN,C31T33,B07_08,0.0300946727231766
JPN,C31T33,B09,0.016086202221522166
JPN,C31T33,C10T12,0.0040968046003547
JPN,C31T33,C13T15,0.018094578294741634
JPN,C31T33,C16,0.013458248036924301
JPN,C31T33,C17_18,0.004246809738340434
JPN,C31T33,C19,0.0014976200437799
JPN,C31T33,C20,0.006333362031891567
JPN,C31T33,C21,0.004828268633644766
JPN,C31T33,C22,0.006148373774095033
JPN,C31T33,C23,0.008700728983429667
JPN,C31T33,C24,0.0038217766690133
JPN,C31T33,C25,0.005296747895037135
JPN,C31T33,C26,0.010946181595785233
JPN,C31T33,C27,0.0089636968173759
JPN,C31T33,C28,0.005899849185879766
JPN,C31T33,C29,0.0030018743107088
JPN,C31T33,C30,0.006121563535450733
JPN,C31T33,C31T33,0.05239894204841433
JPN,C31T33,D,0.0092529316540002
JPN,C31T33,E,0.0084244190327267
JPN,C31T33,F,0.023352011447713567
JPN,C31T33,G,0.006550637838874934
JPN,C31T33,H49,0.012119476850643867
JPN,C31T33,H50,0.013218680489751064
JPN,C31T33,H51,0.009196965195258868
JPN,C31T33,H52,0.0103843098169649
JPN,C31T33,H53,0.009328070682837768
JPN,C31T33,HFCE,0.02249859298003633
JPN,C31T33,I,0.013783335363112598
JPN,C31T33,J58T60,0.015164490836036734
JPN,C31T33,J61,0.012126169422087033
JPN,C31T33,J62_63,0.030496028161694833
JPN,C31T33,K,0.0098544312263552
JPN,C31T33,L,0.0015353993612305333
JPN,C31T33,M,0.029170217070777632
JPN,C31T33,N,0.030934271347571835
JPN,C31T33,O,0.012098966800877499
JPN,C31T33,P,0.014679170750084734
JPN,C31T33,Q,0.010841921961396333
JPN,C31T33,R,0.0352431583893585
JPN,C31T33,S,0.035012462938776766
JPN,C31T33,T,0.0
JPN,D,A01_02,0.009120122302143367
JPN,D,A03,0.0062435862014770345
JPN,D,B05_06,0.03877254282945053
JPN,D,B07_08,0.04806244625964146
JPN,D,B09,0.01655708810148243
JPN,D,C10T12,0.0103972333430891
JPN,D,C13T15,0.016301768764352867
JPN,D,C16,0.0182555934396358
JPN,D,C17_18,0.028575833729708938
JPN,D,C19,0.005193697900665866
JPN,D,C20,0.023557594776774504
JPN,D,C21,0.00670144896095
JPN,D,C22,0.021194549435934736
JPN,D,C23,0.0315981091695837
JPN,D,C24,0.02732497871091723
JPN,D,C25,0.015514316566070633
JPN,D,C26,0.004930259471238633
JPN,D,C27,0.013730001377462298
JPN,D,C28,0.0068185523922563
JPN,D,C29,0.006720912576560167
JPN,D,C30,0.011934649884471233
JPN,D,C31T33,0.0036433430901037997
JPN,D,D,0.0940342966770235
JPN,D,E,0.021352250300645165
JPN,D,F,0.0024950964443702004
JPN,D,G,0.014556698815424833
JPN,D,H49,0.017626889997009232
JPN,D,H50,0.00015741431382086665
JPN,D,H51,0.0032789168610280668
JPN,D,H52,0.013607463396708033
JPN,D,H53,0.005217053516238566
JPN,D,HFCE,0.022514687728601632
JPN,D,I,0.03411810945884407
JPN,D,J58T60,0.003151396223061166
JPN,D,J61,0.006534747379139567
JPN,D,J62_63,0.0010508409669608666
JPN,D,K,0.0040188544671757665
JPN,D,L,0.0032424019128626663
JPN,D,M,0.0108135804019004
JPN,D,N,0.010281882741425934
JPN,D,O,0.011414893334690734
JPN,D,P,0.013366409603731833
JPN,D,Q,0.009942143442344967
JPN,D,R,0.032037748989154166
JPN,D,S,0.019411495757256068
JPN,D,T,0.0
JPN,E,A01_02,0.0016242920052968
JPN,E,A03,0.0004559646392842333
JPN,E,B05_06,0.006350021473556633
JPN,E,B07_08,0.005957412163295934
JPN,E,B09,0.0037305366009562336
JPN,E,C10T12,0.0028610561248666
JPN,E,C13T15,0.002055648318531167
JPN,E,C16,0.0012967578373362333
JPN,E,C17_18,0.003279724775455
JPN,E,C19,0.0006389545167484667
JPN,E,C20,0.0051956963325531
JPN,E,C21,0.0026611782627239
JPN,E,C22,0.0015821229217709333
JPN,E,C23,0.0028611865565941
JPN,E,C24,0.0013923233689356
JPN,E,C25,0.0010240972443511668
JPN,E,C26,0.0017781188004045332
JPN,E,C27,0.0024918595176722336
JPN,E,C28,0.0012382529434915334
JPN,E,C29,0.0005927154012912668
JPN,E,C30,0.0031917840816005996
JPN,E,C31T33,0.0007238360848565666
JPN,E,D,0.0053580560369029
JPN,E,E,0.09478064405806334
JPN,E,F,0.0019927829239959334
JPN,E,G,0.002417988838723233
JPN,E,H49,0.009241025447886101
JPN,E,H50,0.0006398018358724667
JPN,E,H51,0.0008925790405839334
JPN,E,H52,0.006947421913013767
JPN,E,H53,0.001867894409809
JPN,E,HFCE,0.009530737106428365
JPN,E,I,0.026144715770721434
JPN,E,J58T60,0.0033425244331751
JPN,E,J61,0.009002051914608233
JPN,E,J62_63,0.00023477814659653333
JPN,E,K,0.0033330972144661
JPN,E,L,0.0005873609608463667
JPN,E,M,0.0024141530741327
JPN,E,N,0.0023373978734923
JPN,E,O,0.021669041483754103
JPN,E,P,0.010755501415541734
JPN,E,Q,0.009166694913498334
JPN,E,R,0.014798949060974433
JPN,E,S,0.012707368000473633
JPN,E,T,0.0
JPN,F,A01_02,0.005458898869195233
JPN,F,A03,0.0016625036968285001
JPN,F,B05_06,0.0036136112115844
JPN,F,B07_08,0.006810054105652667
JPN,F,B09,0.018153346598644968
JPN,F,C10T12,0.0008281847697515
JPN,F,C13T15,0.0028342718447620335
JPN,F,C16,0.0023119139238163
JPN,F,C17_18,0.0043589422001345
JPN,F,C19,0.0013065856021204664
JPN,F,C20,0.003988440220977767
JPN,F,C21,0.0030868071936219
JPN,F,C22,0.0033051278127022
JPN,F,C23,0.006768392787244033
JPN,F,C24,0.004817316947533534
JPN,F,C25,0.0050146307197792665
JPN,F,C26,0.0025720463407415332
JPN,F,C27,0.0036258159367600997
JPN,F,C28,0.002046369679728733
JPN,F,C29,0.0006323573426482667
JPN,F,C30,0.0029863719332868335
JPN,F,C31T33,0.0015401833691574666
JPN,F,D,0.0168612502776193
JPN,F,E,0.018023440422980864
JPN,F,F,0.0011311201915766666
JPN,F,G,0.003702854274773833
JPN,F,H49,0.008170366992970668
JPN,F,H50,0.0010299298607802333
JPN,F,H51,0.00020864018768669998
JPN,F,H52,0.014913834545909431
JPN,F,H53,0.0021185321547413
JPN,F,HFCE,6.124499229088112e-05
JPN,F,I,0.0019301490791909333
JPN,F,J58T60,0.009128585508841033
JPN,F,J61,0.006600642543228033
JPN,F,J62_63,0.0008429879781023334
JPN,F,K,0.0035501201478468
JPN,F,L,0.011531331153141299
JPN,F,M,0.0025290857009107
JPN,F,N,0.0018326895830473998
JPN,F,O,0.010978687039411668
JPN,F,P,0.005673420463869966
JPN,F,Q,0.0034586281850886333
JPN,F,R,0.0076756091863897
JPN,F,S,0.0033721379130545004
JPN,F,T,0.0
JPN,G,A01_02,0.14000047829991566
JPN,G,A03,0.11636732515348565
JPN,G,B05_06,0.029101196240372232
JPN,G,B07_08,0.08181483990028122
JPN,G,B09,0.07636611911670232
JPN,G,C10T12,0.16158583845298394
JPN,G,C13T15,0.20359989266937184
JPN,G,C16,0.1190345417590235
JPN,G,C17_18,0.12042921726028123
JPN,G,C19,0.06627881907285676
JPN,G,C20,0.1225718152280477
JPN,G,C21,0.09606825365952243
JPN,G,C22,0.11675407760236511
JPN,G,C23,0.0778948327698918
JPN,G,C24,0.09099274414618874
JPN,G,C25,0.06862035361456054
JPN,G,C26,0.08883157126977677
JPN,G,C27,0.0964080597815109
JPN,G,C28,0.08228231385913633
JPN,G,C29,0.1053498709763005
JPN,G,C30,0.0875424761915306
JPN,G,C31T33,0.10066966909040816
JPN,G,D,0.049875200410656205
JPN,G,E,0.018760347470823734
JPN,G,F,0.0822187328585791
JPN,G,G,0.04476389842299574
JPN,G,H49,0.035795267179911404
JPN,G,H50,0.0992876487859704
JPN,G,H51,0.08986600785428593
JPN,G,H52,0.025965647330031566
JPN,G,H53,0.03205009071944143
JPN,G,HFCE,0.1409762272585405
JPN,G,I,0.12938463605549436
JPN,G,J58T60,0.04103272187470657
JPN,G,J61,0.018060136451932832
JPN,G,J62_63,0.030594419323069364
JPN,G,K,0.018549051658790568
JPN,G,L,0.002381688065209667
JPN,G,M,0.036740318641111464
JPN,G,N,0.04526795521568863
JPN,G,O,0.0271207642490786
JPN,G,P,0.0203762816796291
JPN,G,Q,0.04943577142407137
JPN,G,R,0.04828940449293323
JPN,G,S,0.0538891132667356
JPN,G,T,0.0
JPN,H49,A01_02,0.022998934320789366
JPN,H49,A03,0.014313741949018367
JPN,H49,B05_06,0.008606069033099734
JPN,H49,B07_08,0.025872500135858265
JPN,H49,B09,0.036856333933426966
JPN,H49,C10T12,0.023232495984680968
JPN,H49,C13T15,0.014748576857744234
JPN,H49,C16,0.026289471009607768
JPN,H49,C17_18,0.023134687374863933
JPN,H49,C19,0.010596901387199735
JPN,H49,C20,0.0179740308081995
JPN,H49,C21,0.008842365453055901
JPN,H49,C22,0.015389422075880002
JPN,H49,C23,0.0277852105816012
JPN,H49,C24,0.02523538400936587
JPN,H49,C25,0.015768857395586502
JPN,H49,C26,0.016823646206902798
JPN,H49,C27,0.016270137514630603
JPN,H49,C28,0.013141247845298432
JPN,H49,C29,0.014599481628206798
JPN,H49,C30,0.014715637964939068
JPN,H49,C31T33,0.014458982630043667
JPN,H49,D,0.015793421008121734
JPN,H49,E,0.0070397013778457996
JPN,H49,F,0.019293147948762433
JPN,H49,G,0.0105444203476679
JPN,H49,H49,0.005095561044432566
JPN,H49,H50,0.008148449990209
JPN,H49,H51,0.009481741171561
JPN,H49,H52,0.006544304768434434
JPN,H49,H53,0.042569063198119865
JPN,H49,HFCE,0.037366685774749435
JPN,H49,I,0.016874461010797266
JPN,H49,J58T60,0.0085632056851402
JPN,H49,J61,0.0064492822070571
JPN,H49,J62_63,0.005419669680037467
JPN,H49,K,0.016161496066884332
JPN,H49,L,0.0004983442739961334
JPN,H49,M,0.006265968468730233
JPN,H49,N,0.0088775425236968
JPN,H49,O,0.012975010891684333
JPN,H49,P,0.008510493137879133
JPN,H49,Q,0.007363843761982299
JPN,H49,R,0.007878663901232532
JPN,H49,S,0.014578026314705998
JPN,H49,T,0.0
JPN,H50,A01_02,0.004686750367046567
JPN,H50,A03,0.0032265720433058
JPN,H50,B05_06,0.0011079555596379667
JPN,H50,B07_08,0.0032592938114502997
JPN,H50,B09,0.004886433149937066
JPN,H50,C10T12,0.004010213802429167
JPN,H50,C13T15,0.0034781072620205
JPN,H50,C16,0.005732203402437567
JPN,H50,C17_18,0.003986612777164466
JPN,H50,C19,0.0149690601599404
JPN,H50,C20,0.004427199047931267
JPN,H50,C21,0.0026626592302852665
JPN,H50,C22,0.0029689661557439997
JPN,H50,C23,0.0069383881486656
JPN,H50,C24,0.008068059530538666
JPN,H50,C25,0.0031823705062743336
JPN,H50,C26,0.0026888539594623665
JPN,H50,C27,0.0029875870819468333
JPN,H50,C28,0.002640402276164333
JPN,H50,C29,0.0036101617414557668
JPN,H50,C30,0.003965850621624033
JPN,H50,C31T33,0.0027279138398703996
JPN,H50,D,0.009358104615625966
JPN,H50,E,0.00047050062513606666
JPN,H50,F,0.003087849931643133
JPN,H50,G,0.0011534871182654668
JPN,H50,H49,0.0018925508474312667
JPN,H50,H50,0.20023782069346194
JPN,H50,H51,0.0037262405504512332
JPN,H50,H52,0.004726850343209533
JPN,H50,H53,0.0021398677033187
JPN,H50,HFCE,0.0030956423018364
JPN,H50,I,0.0023345301690516334
JPN,H50,J58T60,0.0008135509194453668
JPN,H50,J61,0.00034025990801986664
JPN,H50,J62_63,0.0006868379130971
JPN,H50,K,0.0004705727328975333
JPN,H50,L,6.265937643110119e-05
JPN,H50,M,0.0007106973546411999
JPN,H50,N,0.0007920027623610666
JPN,H50,O,0.0006335668466217001
JPN,H50,P,0.0004603919814632333
JPN,H50,Q,0.0011119455224100335
JPN,H50,R,0.0011391942241283334
JPN,H50,S,0.0013975159167368665
JPN,H50,T,0.0
JPN,H51,A01_02,0.0011235773867277
JPN,H51,A03,0.0010069630312045002
JPN,H51,B05_06,0.0026896559524416668
JPN,H51,B07_08,0.006695465917031033
JPN,H51,B09,0.0153433604867834
JPN,H51,C10T12,0.0012921907853039002
JPN,H51,C13T15,0.0020146420221261335
JPN,H51,C16,0.0019833277777515667
JPN,H51,C17_18,0.0015635691276096998
JPN,H51,C19,0.0037185131130265006
JPN,H51,C20,0.0019043805688324332
JPN,H51,C21,0.0015630332040589001
JPN,H51,C22,0.0013889254988115668
JPN,H51,C23,0.0018984591167596667
JPN,H51,C24,0.0023306384020251
JPN,H51,C25,0.0014342674011826667
JPN,H51,C26,0.0015533348616589666
JPN,H51,C27,0.0016009920261098667
JPN,H51,C28,0.0014077493373272
JPN,H51,C29,0.0010739504336501333
JPN,H51,C30,0.0013533761946724666
JPN,H51,C31T33,0.0011947472519774668
JPN,H51,D,0.0023113429871093666
JPN,H51,E,0.0008284849467436666
JPN,H51,F,0.0010150906268067
JPN,H51,G,0.0025509602790335
JPN,H51,H49,0.0005063734121453
JPN,H51,H50,0.0009036865176451334
JPN,H51,H51,0.0033638366184407333
JPN,H51,H52,0.0006240044539167
JPN,H51,H53,0.015093740474067032
JPN,H51,HFCE,0.005990024828698666
JPN,H51,I,0.0011198174216392
JPN,H51,J58T60,0.004800347688667767
JPN,H51,J61,0.0012061057055351
JPN,H51,J62_63,0.0029639015992519667
JPN,H51,K,0.0008670431869365001
JPN,H51,L,6.668943113662607e-05
JPN,H51,M,0.0016804474466544331
JPN,H51,N,0.003499837209572367
JPN,H51,O,0.0012748973664791334
JPN,H51,P,0.0035344785804058997
JPN,H51,Q,0.0008807822045570667
JPN,H51,R,0.0016988208778338334
JPN,H51,S,0.0014195926456146667
JPN,H51,T,0.0
JPN,H52,A01_02,0.008300518436431432
JPN,H52,A03,0.0083678416534528
JPN,H52,B05_06,0.003920566162096667
JPN,H52,B07_08,0.014174876594589303
JPN,H52,B09,0.014018455280051
JPN,H52,C10T12,0.011038100548455667
JPN,H52,C13T15,0.0059074676337501665
JPN,H52,C16,0.009612045068330634
JPN,H52,C17_18,0.0089229790550001
JPN,H52,C19,0.006487276956462666
JPN,H52,C20,0.0062936166847264675
JPN,H52,C21,0.0038296189722475
JPN,H52,C22,0.005870880069741233
JPN,H52,C23,0.011075161909367632
JPN,H52,C24,0.010156459620240033
JPN,H52,C25,0.005840795951253233
JPN,H52,C26,0.004769104142229966
JPN,H52,C27,0.006047299178026033
JPN,H52,C28,0.0046324330582213
JPN,H52,C29,0.0055862974660848
JPN,H52,C30,0.004674170656496433
JPN,H52,C31T33,0.0062067105066221
JPN,H52,D,0.010297468461146533
JPN,H52,E,0.0012441098423901333
JPN,H52,F,0.006396683431394199
JPN,H52,G,0.006809152850015633
JPN,H52,H49,0.029375009455979668
JPN,H52,H50,0.030635064747302567
JPN,H52,H51,0.20921604442067934
JPN,H52,H52,0.013317852751646866
JPN,H52,H53,0.007749195447983467
JPN,H52,HFCE,0.011820892808754266
JPN,H52,I,0.0152282206869854
JPN,H52,J58T60,0.0033842232128801
JPN,H52,J61,0.0013238110557521332
JPN,H52,J62_63,0.0026705285151843333
JPN,H52,K,0.0017020068680776333
JPN,H52,L,0.0002974214558693
JPN,H52,M,0.0020130047698090664
JPN,H52,N,0.0035457175191982667
JPN,H52,O,0.0066845681471507665
JPN,H52,P,0.0014932119041667
JPN,H52,Q,0.0022416352150101335
JPN,H52,R,0.007978885239368167
JPN,H52,S,0.0038354553896778666
JPN,H52,T,0.0
JPN,H53,A01_02,0.00017412255906726665
JPN,H53,A03,0.00027857183491163335
JPN,H53,B05_06,0.001532939434665
JPN,H53,B07_08,0.0018680124629464666
JPN,H53,B09,0.0008428791484115333
JPN,H53,C10T12,0.00015430835561483332
JPN,H53,C13T15,0.0003559912637884667
JPN,H53,C16,0.00030386068548343334
JPN,H53,C17_18,0.00026091808483036665
JPN,H53,C19,7.04845020717743e-05
JPN,H53,C20,0.0006114174214993333
JPN,H53,C21,0.0006575344133089334
JPN,H53,C22,0.0002798389513059667
JPN,H53,C23,0.0002227588601189
JPN,H53,C24,0.0001255832500324
JPN,H53,C25,0.0002556257168500333
JPN,H53,C26,0.0009552394787538666
JPN,H53,C27,0.0006823998653653667
JPN,H53,C28,0.00044087488007850005
JPN,H53,C29,0.0001809488442435
JPN,H53,C30,0.0006346203453555999
JPN,H53,C31T33,0.00022219851315713335
JPN,H53,D,0.0015220782958021669
JPN,H53,E,0.0008268861063625999
JPN,H53,F,0.0004619169614634333
JPN,H53,G,0.0011752814748815
JPN,H53,H49,0.0003525721036512334
JPN,H53,H50,0.0005240175261187
JPN,H53,H51,0.0007163452153927333
JPN,H53,H52,0.0012454533820746
JPN,H53,H53,0.016886096615183067
JPN,H53,HFCE,0.0006712492590074333
JPN,H53,I,0.0011926252575417667
JPN,H53,J58T60,0.0018199676833634
JPN,H53,J61,0.007826236746417133
JPN,H53,J62_63,0.0009396348849762333
JPN,H53,K,0.007725478391748033
JPN,H53,L,0.00021479644792056667
JPN,H53,M,0.0012711523133419002
JPN,H53,N,0.0010317664129218666
JPN,H53,O,0.005110877092282066
JPN,H53,P,0.0013938854093125334
JPN,H53,Q,0.0007673156370055999
JPN,H53,R,0.0008818448614231334
JPN,H53,S,0.002063177048254167
JPN,H53,T,0.0
JPN,I,A01_02,0.0014768341719902333
JPN,I,A03,0.015101241486774367
JPN,I,B05_06,0.011879168105267034
JPN,I,B07_08,0.032990131982209965
JPN,I,B09,0.004723782056698301
JPN,I,C10T12,0.0047833047295531
JPN,I,C13T15,0.004853108743401567
JPN,I,C16,0.005167780038064066
JPN,I,C17_18,0.0083945931634206
JPN,I,C19,0.0022113474951516335
JPN,I,C20,0.004899350285369533
JPN,I,C21,0.005865071401647666
JPN,I,C22,0.006920771736417267
JPN,I,C23,0.006598452507434967
JPN,I,C24,0.0032414765076327332
JPN,I,C25,0.007545554266052634
JPN,I,C26,0.008496226120612967
JPN,I,C27,0.0084824773261529
JPN,I,C28,0.0067705951858974675
JPN,I,C29,0.0031199546032766334
JPN,I,C30,0.007906339020031667
JPN,I,C31T33,0.0054570157185504
JPN,I,D,0.004961006595744967
JPN,I,E,0.006824827216499934
JPN,I,F,0.008187284943914566
JPN,I,G,0.010099097390245233
JPN,I,H49,0.0097625717486048
JPN,I,H50,0.010639783132428401
JPN,I,H51,0.0062950282635091
JPN,I,H52,0.013609225357756235
JPN,I,H53,0.0147443655181061
JPN,I,HFCE,0.07129239314767748
JPN,I,I,0.015357402902524832
JPN,I,J58T60,0.011078483664270633
JPN,I,J61,0.0035318909279706333
JPN,I,J62_63,0.009437897208986367
JPN,I,K,0.014970336514152
JPN,I,L,0.001856223415091067
JPN,I,M,0.006723570696925334
JPN,I,N,0.007200501460850733
JPN,I,O,0.0071963169746981
JPN,I,P,0.005686450759676567
JPN,I,Q,0.007366712225437833
JPN,I,R,0.012378194788554701
JPN,I,S,0.0191496299841362
JPN,I,T,0.0
JPN,J58T60,A01_02,0.0007562244066675333
JPN,J58T60,A03,0.0012942190366784
JPN,J58T60,B05_06,0.0004927801075794
JPN,J58T60,B07_08,0.002007291773811967
JPN,J58T60,B09,0.0016826818918476
JPN,J58T60,C10T12,0.0014725177048019334
JPN,J58T60,C13T15,0.0019420518671834335
JPN,J58T60,C16,0.0020016810362079667
JPN,J58T60,C17_18,0.0013094747335051333
JPN,J58T60,C19,0.00025470314598810003
JPN,J58T60,C20,0.0016164031091323668
JPN,J58T60,C21,0.0019371091552404997
JPN,J58T60,C22,0.0011514777150093334
JPN,J58T60,C23,0.0008238389228092001
JPN,J58T60,C24,0.0004973204925632001
JPN,J58T60,C25,0.0014143585173085331
JPN,J58T60,C26,0.003104724140622467
JPN,J58T60,C27,0.002515429212637567
JPN,J58T60,C28,0.0014680635507537665
JPN,J58T60,C29,0.0005481427724238
JPN,J58T60,C30,0.0018985763808599336
JPN,J58T60,C31T33,0.001170673283585
JPN,J58T60,D,0.0006030815798942
JPN,J58T60,E,0.0010580008805632665
JPN,J58T60,F,0.0017714950097739
JPN,J58T60,G,0.0025119621304506333
JPN,J58T60,H49,0.002996059773751633
JPN,J58T60,H50,0.00043639509014759995
JPN,J58T60,H51,0.0025089967103748
JPN,J58T60,H52,0.0024260558881458
JPN,J58T60,H53,0.006414954121537566
JPN,J58T60,HFCE,0.010000142081867133
JPN,J58T60,I,0.015010935643460899
JPN,J58T60,J58T60,0.11897573811585382
JPN,J58T60,J61,0.04286391870452763
JPN,J58T60,J62_63,0.008982377361565
JPN,J58T60,K,0.0039286148322895
JPN,J58T60,L,0.0004468769683083666
JPN,J58T60,M,0.0541420715402617
JPN,J58T60,N,0.0206399338727616
JPN,J58T60,O,0.0055064539138838
JPN,J58T60,P,0.0039512730791264
JPN,J58T60,Q,0.0039542060312833666
JPN,J58T60,R,0.020051926687870664
JPN,J58T60,S,0.005606362078876267
JPN,J58T60,T,0.0
JPN,J61,A01_02,0.0004940985638338334
JPN,J61,A03,0.0030449678090259335
JPN,J61,B05_06,0.009576572418983199
JPN,J61,B07_08,0.0059447638707194675
JPN,J61,B09,0.004080661341546233
JPN,J61,C10T12,0.0010993210502734001
JPN,J61,C13T15,0.0014780241081157333
JPN,J61,C16,0.0013793943566638336
JPN,J61,C17_18,0.0020201666998417
JPN,J61,C19,0.0003352179731266
JPN,J61,C20,0.004388269543238233
JPN,J61,C21,0.004490720575803033
JPN,J61,C22,0.0013157439603215665
JPN,J61,C23,0.0010491458466735334
JPN,J61,C24,0.0007357045334922666
JPN,J61,C25,0.0018850608093908333
JPN,J61,C26,0.004761075260504433
JPN,J61,C27,0.003081034946101966
JPN,J61,C28,0.0019157182569934667
JPN,J61,C29,0.0007900165453344333
JPN,J61,C30,0.0018887562961228
JPN,J61,C31T33,0.0013054365440278333
JPN,J61,D,0.0006329759010807
JPN,J61,E,0.0017657041104253998
JPN,J61,F,0.004338988084768733
JPN,J61,G,0.0141328396615297
JPN,J61,H49,0.004368279011163066
JPN,J61,H50,0.0039254258895401
JPN,J61,H51,0.0030179483262379667
JPN,J61,H52,0.0028356180201741335
JPN,J61,H53,0.004594861567779066
JPN,J61,HFCE,0.04171507284631747
JPN,J61,I,0.006752389131878933
JPN,J61,J58T60,0.0387984183539745
JPN,J61,J61,0.19728042615932143
JPN,J61,J62_63,0.013284805891727066
JPN,J61,K,0.0156905359326671
JPN,J61,L,0.0018398673872121335
JPN,J61,M,0.0140294100673575
JPN,J61,N,0.011285081337764133
JPN,J61,O,0.009462706690138434
JPN,J61,P,0.0016799507702499998
JPN,J61,Q,0.0024188545961409333
JPN,J61,R,0.004345365890031367
JPN,J61,S,0.008470065682227433
JPN,J61,T,0.0
JPN,J62_63,A01_02,0.0038600697485807
JPN,J62_63,A03,0.0021105333323392
JPN,J62_63,B05_06,0.0034502997113628666
JPN,J62_63,B07_08,0.008871301374825233
JPN,J62_63,B09,0.004622357852939133
JPN,J62_63,C10T12,0.004209828845043
JPN,J62_63,C13T15,0.0035507186663055
JPN,J62_63,C16,0.0049210008184161
JPN,J62_63,C17_18,0.004805745359636266
JPN,J62_63,C19,0.0008768102391762666
JPN,J62_63,C20,0.009093314808502766
JPN,J62_63,C21,0.009540242575378602
JPN,J62_63,C22,0.005466808580940333
JPN,J62_63,C23,0.005850931670707633
JPN,J62_63,C24,0.002859321193345
JPN,J62_63,C25,0.005136809755108934
JPN,J62_63,C26,0.0197198668277451
JPN,J62_63,C27,0.0143296345325883
JPN,J62_63,C28,0.009429467110837668
JPN,J62_63,C29,0.0038632395653651
JPN,J62_63,C30,0.006249966525836267
JPN,J62_63,C31T33,0.004149756209305133
JPN,J62_63,D,0.014382351756552733
JPN,J62_63,E,0.012562083245023234
JPN,J62_63,F,0.0033821274825369
JPN,J62_63,G,0.0184079532212884
JPN,J62_63,H49,0.0048175388819409
JPN,J62_63,H50,0.0018410992215893002
JPN,J62_63,H51,0.0102659558249727
JPN,J62_63,H52,0.0189209607369998
JPN,J62_63,H53,0.0042056722889104664
JPN,J62_63,HFCE,0.007787558560497033
JPN,J62_63,I,0.005515401509480534
JPN,J62_63,J58T60,0.023696537738066636
JPN,J62_63,J61,0.052841410173231435
JPN,J62_63,J62_63,0.03004790497517103
JPN,J62_63,K,0.05383897175005394
JPN,J62_63,L,0.0015313719851845666
JPN,J62_63,M,0.0159040812760993
JPN,J62_63,N,0.0116614104298797
JPN,J62_63,O,0.022226078986959535
JPN,J62_63,P,0.006308579971580967
JPN,J62_63,Q,0.007663598936706932
JPN,J62_63,R,0.019709255916456035
JPN,J62_63,S,0.012984440947402533
JPN,J62_63,T,0.0
JPN,K,A01_02,0.012234678420875634
JPN,K,A03,0.016418936962449265
JPN,K,B05_06,0.0300487590789642
JPN,K,B07_08,0.03570256423301883
JPN,K,B09,0.026578598086144132
JPN,K,C10T12,0.006468527514852566
JPN,K,C13T15,0.0108370768773818
JPN,K,C16,0.008983232402773334
JPN,K,C17_18,0.0074856111938453665
JPN,K,C19,0.004039235828414867
JPN,K,C20,0.0059668481597944
JPN,K,C21,0.0044668629098571664
JPN,K,C22,0.0036566569839266336
JPN,K,C23,0.007685729600025934
JPN,K,C24,0.004976843367391033
JPN,K,C25,0.010103299939572166
JPN,K,C26,0.006260732024578534
JPN,K,C27,0.0065756588124692
JPN,K,C28,0.006199415343243034
JPN,K,C29,0.0029419833871545
JPN,K,C30,0.0121537272011991
JPN,K,C31T33,0.014559845691461633
JPN,K,D,0.0199826328547915
JPN,K,E,0.006690631137272332
JPN,K,F,0.009054917373839433
JPN,K,G,0.0150947217103787
JPN,K,H49,0.0230627734468605
JPN,K,H50,0.015803569469407433
JPN,K,H51,0.0207932895831257
JPN,K,H52,0.009094221659545066
JPN,K,H53,0.00038648608585136666
JPN,K,HFCE,0.06540988612793606
JPN,K,I,0.008727346854064101
JPN,K,J58T60,0.003299484598959
JPN,K,J61,0.008122918591981334
JPN,K,J62_63,0.0029520554278807
JPN,K,K,0.04893462204650493
JPN,K,L,0.09071931095329096
JPN,K,M,0.009439791659908534
JPN,K,N,0.0117162883309868
JPN,K,O,0.024828454446761333
JPN,K,P,0.008819952314191833
JPN,K,Q,0.007211937030659067
JPN,K,R,0.015252851960604033
JPN,K,S,0.007079561957067933
JPN,K,T,0.0
JPN,L,A01_02,0.0009341957790676333
JPN,L,A03,0.0012564538344305668
JPN,L,B05_06,0.0173849374333529
JPN,L,B07_08,0.003975339150672533
JPN,L,B09,0.0059390598032318
JPN,L,C10T12,0.003312151601640067
JPN,L,C13T15,0.003936273565715467
JPN,L,C16,0.0038777490251616664
JPN,L,C17_18,0.0035515438001543667
JPN,L,C19,0.0006109813236777667
JPN,L,C20,0.003709345879168
JPN,L,C21,0.0034907819910783666
JPN,L,C22,0.0033785237636639004
JPN,L,C23,0.0035481486252209662
JPN,L,C24,0.0015651786904014667
JPN,L,C25,0.005053841385832933
JPN,L,C26,0.005588289705394067
JPN,L,C27,0.004652084524895166
JPN,L,C28,0.0035415513446615337
JPN,L,C29,0.0013411783813690335
JPN,L,C30,0.0032712321521913995
JPN,L,C31T33,0.002400429533612067
JPN,L,D,0.006649987534076667
JPN,L,E,0.0016978202828223333
JPN,L,F,0.005485401835462999
JPN,L,G,0.026401887484081468
JPN,L,H49,0.0096907268468743
JPN,L,H50,0.023964225475707035
JPN,L,H51,0.006201875530848367
JPN,L,H52,0.0461841704977631
JPN,L,H53,0.016426536593987535
JPN,L,HFCE,0.2357304557024393
JPN,L,I,0.0137756762807056
JPN,L,J58T60,0.014290611625675765
JPN,L,J61,0.023597085618901198
JPN,L,J62_63,0.03791105152756783
JPN,L,K,0.019418986605561333
JPN,L,L,0.0325164495504461
JPN,L,M,0.0098073550751724
JPN,L,N,0.008832066382317665
JPN,L,O,0.0024366022695419334
JPN,L,P,0.0027570861094050668
JPN,L,Q,0.020096945585529567
JPN,L,R,0.010964202698636667
JPN,L,S,0.0202062892084662
JPN,L,T,0.0
JPN,M,A01_02,0.0019185716732827666
JPN,M,A03,0.0059866568596270995
JPN,M,B05_06,0.022434854200857637
JPN,M,B07_08,0.011459464379654135
JPN,M,B09,0.07177360307521018
JPN,M,C10T12,0.019958285039903934
JPN,M,C13T15,0.0112614863440961
JPN,M,C16,0.011726590091286732
JPN,M,C17_18,0.010303112563799233
JPN,M,C19,0.0016861638953545
JPN,M,C20,0.019378944223327234
JPN,M,C21,0.025110724548170666
JPN,M,C22,0.0137339288653119
JPN,M,C23,0.01957680549821893
JPN,M,C24,0.0035944708027234335
JPN,M,C25,0.011839742780120566
JPN,M,C26,0.037571839357404234
JPN,M,C27,0.025157207681085
JPN,M,C28,0.015868556449974234
JPN,M,C29,0.0132896226015643
JPN,M,C30,0.020373708441080367
JPN,M,C31T33,0.0135848132005272
JPN,M,D,0.022254998713839864
JPN,M,E,0.017022202062123133
JPN,M,F,0.05445294095565473
JPN,M,G,0.0351399926551805
JPN,M,H49,0.014030931283044933
JPN,M,H50,0.0021154439015503334
JPN,M,H51,0.0296854945297706
JPN,M,H52,0.051493676093359066
JPN,M,H53,0.0038532764651772
JPN,M,HFCE,0.0012388719924107
JPN,M,I,0.018389903117909934
JPN,M,J58T60,0.0554055916726898
JPN,M,J61,0.08064396568608732
JPN,M,J62_63,0.11314290651406093
JPN,M,K,0.05586989104005067
JPN,M,L,0.014234888152531266
JPN,M,M,0.06583470684921787
JPN,M,N,0.025052055185370566
JPN,M,O,0.028587304522212167
JPN,M,P,0.015323679198250431
JPN,M,Q,0.016964543381949766
JPN,M,R,0.028319550218774203
JPN,M,S,0.026461941856675764
JPN,M,T,0.0
JPN,N,A01_02,0.0023861342357205666
JPN,N,A03,0.0061058773759461666
JPN,N,B05_06,0.014527093334413134
JPN,N,B07_08,0.042011510520266866
JPN,N,B09,0.055918477928490334
JPN,N,C10T12,0.007372601371606967
JPN,N,C13T15,0.009101747143261235
JPN,N,C16,0.0055190086353401335
JPN,N,C17_18,0.006637746361725433
JPN,N,C19,0.0009966183308892
JPN,N,C20,0.013432379447844965
JPN,N,C21,0.0152810497485139
JPN,N,C22,0.0073804493264401005
JPN,N,C23,0.013685282570433534
JPN,N,C24,0.002956376040169
JPN,N,C25,0.007969767403046167
JPN,N,C26,0.024045318545735533
JPN,N,C27,0.0127617030099138
JPN,N,C28,0.009395392640956866
JPN,N,C29,0.008232471934865466
JPN,N,C30,0.010326667783607467
JPN,N,C31T33,0.008261847712373068
JPN,N,D,0.008444962995513934
JPN,N,E,0.0124655112207108
JPN,N,F,0.021189796269092533
JPN,N,G,0.02778650585077197
JPN,N,H49,0.0132410516397792
JPN,N,H50,0.0016032220931074
JPN,N,H51,0.021274314489532403
JPN,N,H52,0.049248824998809636
JPN,N,H53,0.004381739635673833
JPN,N,HFCE,0.0037267980836002
JPN,N,I,0.008803943429662101
JPN,N,J58T60,0.039980275141161765
JPN,N,J61,0.03749557184558453
JPN,N,J62_63,0.0724313465136624
JPN,N,K,0.039057599446682766
JPN,N,L,0.008030662227179334
JPN,N,M,0.028756139654306196
JPN,N,N,0.04554167628728457
JPN,N,O,0.04265920060721017
JPN,N,P,0.015287190664336333
JPN,N,Q,0.0234945374869019
JPN,N,R,0.018938743565468732
JPN,N,S,0.019153154881735433
JPN,N,T,0.0
JPN,O,A01_02,0.0010782613279342
JPN,O,A03,0.00013037886642023333
JPN,O,B05_06,9.259619077508321e-05
JPN,O,B07_08,0.0001365428246427
JPN,O,B09,0.0008436558542654335
JPN,O,C10T12,0.0017193466496612
JPN,O,C13T15,6.669876755612102e-05
JPN,O,C16,0.0009268789604555667
JPN,O,C17_18,7.166756987924432e-05
JPN,O,C19,9.313853290170963e-05
JPN,O,C20,8.69004123346346e-05
JPN,O,C21,9.095146569121772e-05
JPN,O,C22,7.340680464364809e-05
JPN,O,C23,0.00015345747385783333
JPN,O,C24,0.00016913826823113334
JPN,O,C25,7.098805839495321e-05
JPN,O,C26,0.00013020440687013334
JPN,O,C27,0.000111921243319
JPN,O,C28,7.379319881311153e-05
JPN,O,C29,5.420441006169605e-05
JPN,O,C30,0.0001021775628353223
JPN,O,C31T33,5.814175382180372e-05
JPN,O,D,0.00032732913969783333
JPN,O,E,0.0001590746030257
JPN,O,F,0.00017039296193289998
JPN,O,G,0.0001251050496574
JPN,O,H49,0.0001371608451604
JPN,O,H50,0.0001272544867913
JPN,O,H51,0.00020680526446483332
JPN,O,H52,0.00014297512911816667
JPN,O,H53,9.026427209852352e-05
JPN,O,HFCE,0.0035976120743340667
JPN,O,I,0.00011455546913719998
JPN,O,J58T60,0.0008105803341318333
JPN,O,J61,0.004155322559682833
JPN,O,J62_63,0.0001868525626746333
JPN,O,K,0.00018057526628226665
JPN,O,L,0.0001189859802286
JPN,O,M,0.0002651962639169333
JPN,O,N,0.00015818961512016668
JPN,O,O,0.0005175121214829667
JPN,O,P,2.315188791178092e-05
JPN,O,Q,0.00010053083850879175
JPN,O,R,0.00017895424277279999
JPN,O,S,0.00015637526905686668
JPN,O,T,0.0
JPN,P,A01_02,3.6824012434150055e-05
JPN,P,A03,7.51631021040038e-06
JPN,P,B05_06,0.0
JPN,P,B07_08,0.0009320208844312
JPN,P,B09,0.0003454949239066667
JPN,P,C10T12,0.00016960654101433334
JPN,P,C13T15,5.024988351118643e-05
JPN,P,C16,7.314836943615011e-05
JPN,P,C17_18,6.314859835351918e-05
JPN,P,C19,1.3642922793994183e-05
JPN,P,C20,0.00012563621834676668
JPN,P,C21,0.00018891199980523334
JPN,P,C22,7.482177814758206e-05
JPN,P,C23,0.00017975878673793331
JPN,P,C24,3.9853124169250205e-05
JPN,P,C25,0.00020740297434373336
JPN,P,C26,0.0006753689043854334
JPN,P,C27,0.0006282765804956333
JPN,P,C28,0.00023190558563033334
JPN,P,C29,0.00010668434574902426
JPN,P,C30,0.00020089662850803335
JPN,P,C31T33,6.573838894966226e-05
JPN,P,D,0.0003875892852313
JPN,P,E,6.468455735406362e-05
JPN,P,F,9.646727965053524e-05
JPN,P,G,0.00011849388535073334
JPN,P,H49,0.0013471332611273
JPN,P,H50,2.084805976099035e-05
JPN,P,H51,5.561765392782564e-05
JPN,P,H52,0.0002300776103425667
JPN,P,H53,0.00012167026225550001
JPN,P,HFCE,0.023288390365468134
JPN,P,I,0.00022068485344443333
JPN,P,J58T60,0.0012735886877253
JPN,P,J61,0.0033769054491908
JPN,P,J62_63,0.0018185817567744665
JPN,P,K,0.00019127364258286666
JPN,P,L,3.221118578149698e-06
JPN,P,M,0.0002826145891082
JPN,P,N,0.0001679775216659
JPN,P,O,0.00011579979387533333
JPN,P,P,1.1727013842744526e-05
JPN,P,Q,7.134861630873549e-05
JPN,P,R,0.0001498517020279
JPN,P,S,0.0002223942369586667
JPN,P,T,0.0
JPN,Q,A01_02,0.00013608773206280001
JPN,Q,A03,0.0011254964157966665
JPN,Q,B05_06,0.0008932436771527
JPN,Q,B07_08,0.0024568884671062664
JPN,Q,B09,0.00036659330566079997
JPN,Q,C10T12,0.00037945686841889996
JPN,Q,C13T15,0.0003823164496898667
JPN,Q,C16,0.00039299652491756666
JPN,Q,C17_18,0.0006307247158661
JPN,Q,C19,0.00017025064928393333
JPN,Q,C20,0.0003741688528005
JPN,Q,C21,0.0005513197572045666
JPN,Q,C22,0.0005296999699882333
JPN,Q,C23,0.0004943856733427
JPN,Q,C24,0.0002413762368875333
JPN,Q,C25,0.0005593296742101667
JPN,Q,C26,0.0006709082835675001
JPN,Q,C27,0.0006533774194732333
JPN,Q,C28,0.0005115049922958999
JPN,Q,C29,0.0002505785233501
JPN,Q,C30,0.0006083843856741667
JPN,Q,C31T33,0.00042416922705059996
JPN,Q,D,0.00039897420059543335
JPN,Q,E,0.0005990808243481999
JPN,Q,F,0.0006123029755260333
JPN,Q,G,0.0009189591239875
JPN,Q,H49,0.0007755503426003
JPN,Q,H50,0.0008398594719503001
JPN,Q,H51,0.0005087272741883
JPN,Q,H52,0.004187806259414366
JPN,Q,H53,0.0011304282017966002
JPN,Q,HFCE,0.035606354690622566
JPN,Q,I,0.0007922954104303666
JPN,Q,J58T60,0.0009892704683437668
JPN,Q,J61,0.001025406356273
JPN,Q,J62_63,0.0007308003118605
JPN,Q,K,0.0012354606547066
JPN,Q,L,0.00014192786747176667
JPN,Q,M,0.0006239809766456333
JPN,Q,N,0.00033381796210763334
JPN,Q,O,0.0006864842889436666
JPN,Q,P,0.0003319040980263
JPN,Q,Q,0.0099642687079969
JPN,Q,R,0.0009749635315193999
JPN,Q,S,0.0011879240549113
JPN,Q,T,0.0
JPN,R,A01_02,0.00013151667184806666
JPN,R,A03,0.0011463010806784001
JPN,R,B05_06,0.0009201237539626666
JPN,R,B07_08,0.0026184520346932663
JPN,R,B09,0.00012953377219223334
JPN,R,C10T12,0.0003979018763451333
JPN,R,C13T15,0.00039760425744703333
JPN,R,C16,0.0004217684966193334
JPN,R,C17_18,0.0006531708918189667
JPN,R,C19,0.00016898345520463334
JPN,R,C20,0.00039799573884243336
JPN,R,C21,0.00047593804325546667
JPN,R,C22,0.0005425855678846666
JPN,R,C23,0.0005119265677443333
JPN,R,C24,0.00026080383011516665
JPN,R,C25,0.0005810755727566667
JPN,R,C26,0.0007042162369381
JPN,R,C27,0.0006744546405113333
JPN,R,C28,0.0005675597221768666
JPN,R,C29,0.00024874940756893334
JPN,R,C30,0.0006133924862161334
JPN,R,C31T33,0.0006986590344930666
JPN,R,D,0.00039927700885479994
JPN,R,E,0.0005313568120002667
JPN,R,F,0.0006275185562197
JPN,R,G,0.0008142250805141332
JPN,R,H49,0.0007505787801091666
JPN,R,H50,0.0008109798618308999
JPN,R,H51,0.0005135015296082666
JPN,R,H52,0.0010612128999664
JPN,R,H53,0.0011282834635150333
JPN,R,HFCE,0.022577729192455598
JPN,R,I,0.0013865994775902335
JPN,R,J58T60,0.09434916778947033
JPN,R,J61,0.00046158691178283337
JPN,R,J62_63,0.0008486210141902666
JPN,R,K,0.0011703176728794333
JPN,R,L,0.0001453321343659
JPN,R,M,0.0007216007984612
JPN,R,N,0.0007607470450567668
JPN,R,O,0.0005907825123194333
JPN,R,P,0.0004303995569949666
JPN,R,Q,0.00043003445785810005
JPN,R,R,0.0222105837560133
JPN,R,S,0.0018462624879566666
JPN,R,T,0.0
JPN,S,A01_02,0.0002925979003176667
JPN,S,A03,0.0039879119672761336
JPN,S,B05_06,0.0009204034067316
JPN,S,B07_08,0.0020502089366345334
JPN,S,B09,0.007061143996186267
JPN,S,C10T12,0.0006614239671826667
JPN,S,C13T15,0.0008221215365875334
JPN,S,C16,0.0007456674193123333
JPN,S,C17_18,0.0006393290175512001
JPN,S,C19,0.00017181866568866667
JPN,S,C20,0.0007019698663438666
JPN,S,C21,0.0006753922223101
JPN,S,C22,0.0007543835482532332
JPN,S,C23,0.00016342533959426666
JPN,S,C24,0.0004208595344733
JPN,S,C25,0.0007491712417555667
JPN,S,C26,0.0018409429528844668
JPN,S,C27,0.0015013118658962332
JPN,S,C28,0.0008813871839694667
JPN,S,C29,0.0002972837606145694
JPN,S,C30,0.0007567882517602333
JPN,S,C31T33,0.00042785377576193333
JPN,S,D,0.0005512698857517667
JPN,S,E,0.0012877546100850668
JPN,S,F,0.0011498763100763333
JPN,S,G,0.0021706750359626334
JPN,S,H49,0.004355363873592834
JPN,S,H50,0.0006512833618345333
JPN,S,H51,0.0016364030022558334
JPN,S,H52,0.0015950425460229333
JPN,S,H53,0.0012890532385749333
JPN,S,HFCE,0.0262330769435368
JPN,S,I,0.008459173271157333
JPN,S,J58T60,0.007067935068672867
JPN,S,J61,0.0021542920461120334
JPN,S,J62_63,0.004955946432304767
JPN,S,K,0.0014120706862958668
JPN,S,L,0.0009256552148332
JPN,S,M,0.0083831352957055
JPN,S,N,0.006279855241989134
JPN,S,O,0.0016386020067874999
JPN,S,P,0.0018589164396031668
JPN,S,Q,0.0099982770897736
JPN,S,R,0.010825588117520499
JPN,S,S,0.061771540301826404
JPN,S,T,0.0
JPN,T,A01_02,0.0
JPN,T,A03,0.0
JPN,T,B05_06,0.0
JPN,T,B07_08,0.0
JPN,T,B09,0.0
JPN,T,C10T12,0.0
JPN,T,C13T15,0.0
JPN,T,C16,0.0
JPN,T,C17_18,0.0
JPN,T,C19,0.0
JPN,T,C20,0.0
JPN,T,C21,0.0
JPN,T,C22,0.0
JPN,T,C23,0.0
JPN,T,C24,0.0
JPN,T,C25,0.0
JPN,T,C26,0.0
JPN,T,C27,0.0
JPN,T,C28,0.0
JPN,T,C29,0.0
JPN,T,C30,0.0
JPN,T,C31T33,0.0
JPN,T,D,0.0
JPN,T,E,0.0
JPN,T,F,0.0
JPN,T,G,0.0
JPN,T,H49,0.0
JPN,T,H50,0.0
JPN,T,H51,0.0
JPN,T,H52,0.0
JPN,T,H53,0.0
JPN,T,HFCE,0.0
JPN,T,I,0.0
JPN,T,J58T60,0.0
JPN,T,J61,0.0
JPN,T,J62_63,0.0
JPN,T,K,0.0
JPN,T,L,0.0
JPN,T,M,0.0
JPN,T,N,0.0
JPN,T,O,0.0
JPN,T,P,0.0
JPN,T,Q,0.0
JPN,T,R,0.0
JPN,T,S,0.0
JPN,T,T,0.0
JPN,employees_compensation,A01_02,0.0
JPN,employees_compensation,A03,0.0
JPN,employees_compensation,B05_06,0.0
JPN,employees_compensation,B07_08,0.0
JPN,employees_compensation,B09,0.0
JPN,employees_compensation,C10T12,0.20269994226649934
JPN,employees_compensation,C13T15,0.3890576644731813
JPN,employees_compensation,C16,0.0
JPN,employees_compensation,C17_18,0.11648732819168837
JPN,employees_compensation,C19,0.017462872979325802
JPN,employees_compensation,C20,0.17867967352542843
JPN,employees_compensation,C21,0.0
JPN,employees_compensation,C22,0.0
JPN,employees_compensation,C23,0.3026730871330174
JPN,employees_compensation,C24,0.08051433874031594
JPN,employees_compensation,C25,0.3222338604589468
JPN,employees_compensation,C26,0.2056296210887706
JPN,employees_compensation,C27,0.2024188021170451
JPN,employees_compensation,C28,0.2955822035492799
JPN,employees_compensation,C29,0.17576014756105826
JPN,employees_compensation,C30,0.0
JPN,employees_compensation,C31T33,0.5546822447790917
JPN,employees_compensation,D,0.15269490372857863
JPN,employees_compensation,E,0.0
JPN,employees_compensation,F,0.3549278780524138
JPN,employees_compensation,G,0.35679245003113874
JPN,employees_compensation,H49,0.0
JPN,employees_compensation,H50,0.0
JPN,employees_compensation,H51,0.0
JPN,employees_compensation,H52,0.0
JPN,employees_compensation,H53,0.0
JPN,employees_compensation,HFCE,0.0
JPN,employees_compensation,I,0.187588730911301
JPN,employees_compensation,J58T60,0.0
JPN,employees_compensation,J61,0.6065012607138488
JPN,employees_compensation,J62_63,0.0
JPN,employees_compensation,K,0.31154615073301245
JPN,employees_compensation,L,0.05557718122232503
JPN,employees_compensation,M,0.8074329659306003
JPN,employees_compensation,N,0.0
JPN,employees_compensation,O,0.4166624815023913
JPN,employees_compensation,P,0.6504656139279846
JPN,employees_compensation,Q,0.46685921067832425
JPN,employees_compensation,R,1.7330241258099182
JPN,employees_compensation,S,0.0
JPN,employees_compensation,T,0.0
