country,sector,other final demand sector ratio
CAN,A01_02,0.0139300096373358
CAN,A03,0.0008743852570215
CAN,B05_06,0.0470238888984705
CAN,B07_08,0.0094570406606391
CAN,B09,0.0023496422070718
CAN,C10T12,0.0148365333691175
CAN,C13T15,0.0005436618426703
CAN,C16,0.0063398610053032
CAN,C17_18,0.0086863061913257
CAN,C19,0.0062080259530803
CAN,C20,0.0098700453009469
CAN,C21,0.0053181603836088
CAN,C22,0.0066434097407342
CAN,C23,0.0023392098225947
CAN,C24,0.02602745315628
CAN,C25,0.0068372501748896
CAN,C26,0.0108766862708558
CAN,C27,0.0025700683952174
CAN,C28,0.0206422394627658
CAN,C29,0.0342840965449877
CAN,C30,0.0153935722209158
CAN,C31T33,0.0073219353924111
CAN,D,0.0019375630202257
CAN,E,0.0004025722558306
CAN,F,0.1851487435076284
CAN,G,0.0742828682158477
CAN,H49,0.0174345336324511
CAN,H50,0.0031718655417078
CAN,H51,0.0049873528371248
CAN,H52,0.0045441447611131
CAN,H53,0.0012179808877033
CAN,I,0.0034085292314992
CAN,J58T60,0.0099726023709276
CAN,J61,0.0020561893275865
CAN,J62_63,0.0286705482428373
CAN,K,0.0118118149278167
CAN,L,0.014876832660767
CAN,M,0.0174270458726247
CAN,N,0.012367423533356
CAN,O,0.1620040778844807
CAN,P,0.0783973501743428
CAN,Q,0.0936359510064937
CAN,R,0.002053749495733
CAN,S,0.0118167787236566
CAN,T,0.0
USA,A01_02,0.0079407717553353
USA,A03,0.0002440733907321
USA,B05_06,0.0094371186311071
USA,B07_08,0.0024101584222941
USA,B09,0.0049145800039491
USA,C10T12,0.009182416160091
USA,C13T15,0.0015428274001717
USA,C16,0.0019130415458533
USA,C17_18,0.0027955831483821
USA,C19,0.0066220520506254
USA,C20,0.0112486341342477
USA,C21,0.0110100681889258
USA,C22,0.0033979009128971
USA,C23,0.0013739870640813
USA,C24,0.005057416709871
USA,C25,0.0068013864333119
USA,C26,0.0335013949751572
USA,C27,0.0052236431795757
USA,C28,0.028035366325947
USA,C29,0.0307492058668819
USA,C30,0.015821029128001
USA,C31T33,0.007829417189202
USA,D,0.0005702086826043
USA,E,0.0008082344931749
USA,F,0.1437712258489355
USA,G,0.0813508137400095
USA,H49,0.0082980226669863
USA,H50,0.0012916068692485
USA,H51,0.0030461285108662
USA,H52,0.0019756007243669
USA,H53,0.0013128264487629
USA,I,0.0030186105743414
USA,J58T60,0.0347699303743157
USA,J61,0.0027204079653208
USA,J62_63,0.0424444639235897
USA,K,0.0232665648332615
USA,L,0.0222451025017575
USA,M,0.0539939724048242
USA,N,0.0076083573969795
USA,O,0.2129511639479498
USA,P,0.1046447518308446
USA,Q,0.0227878704099445
USA,R,0.0047899342648291
USA,S,0.0152821289704437
USA,T,0.0
GBR,A01_02,0.0026024408817405
GBR,A03,0.0004253900898861
GBR,B05_06,0.0102205855596118
GBR,B07_08,0.0003677689108399
GBR,B09,0.0008650119167656
GBR,C10T12,0.0071908454525348
GBR,C13T15,0.0009924033186327
GBR,C16,0.0004189105998729
GBR,C17_18,0.0012271691264334
GBR,C19,0.0020154106570602
GBR,C20,0.0108953781624177
GBR,C21,0.0115377154625681
GBR,C22,0.0044362522606622
GBR,C23,0.001227979062685
GBR,C24,0.0025336541529394
GBR,C25,0.0075693170924144
GBR,C26,0.0084022208220609
GBR,C27,0.0034020215198905
GBR,C28,0.0182533597457401
GBR,C29,0.0221461447815431
GBR,C30,0.0153640857257355
GBR,C31T33,0.0071505800503097
GBR,D,0.0008621771398848
GBR,E,0.0056552063194003
GBR,F,0.1133777691358865
GBR,G,0.0619488419965368
GBR,H49,0.0067615792391586
GBR,H50,0.0067986627489664
GBR,H51,0.0029600855894348
GBR,H52,0.0080147820308237
GBR,H53,0.0015797806588495
GBR,I,0.0024369824760457
GBR,J58T60,0.0224668216846083
GBR,J61,0.0083076896909751
GBR,J62_63,0.036507818690679
GBR,K,0.077289381718385
GBR,L,0.0072611942012498
GBR,M,0.07749267571755
GBR,N,0.0323187126919498
GBR,O,0.1150461799617027
GBR,P,0.0812351018734924
GBR,Q,0.1789791922170217
GBR,R,0.0085999031200537
GBR,S,0.0048548157449987
GBR,T,0.0
FRA,A01_02,0.008375463450294
FRA,A03,0.0001550493363774
FRA,B05_06,0.0001143041747617
FRA,B07_08,0.0003416683972128
FRA,B09,4.8780148957260816e-05
FRA,C10T12,0.0162410939941113
FRA,C13T15,0.0030391432443329
FRA,C16,0.0009886144747756
FRA,C17_18,0.0026258338632105
FRA,C19,0.0021098839986285
FRA,C20,0.0199398837798695
FRA,C21,0.0168937941593832
FRA,C22,0.0058320530056192
FRA,C23,0.0020163152750707
FRA,C24,0.0088627465535865
FRA,C25,0.0074845647893169
FRA,C26,0.0125721632580868
FRA,C27,0.0077353600716285
FRA,C28,0.0193968741514664
FRA,C29,0.0235938331523992
FRA,C30,0.0293610360343781
FRA,C31T33,0.0234517953116522
FRA,D,0.0013052966532878
FRA,E,0.0002038294853346
FRA,F,0.1130125116675792
FRA,G,0.0901261202716302
FRA,H49,0.0179928249118199
FRA,H50,0.0089360982122205
FRA,H51,0.0056182186650786
FRA,H52,0.0035933500163861
FRA,H53,0.0011457373562735
FRA,I,0.0068722987538926
FRA,J58T60,0.0143662463348794
FRA,J61,0.0021660252327632
FRA,J62_63,0.0473624661584476
FRA,K,0.0104867470918788
FRA,L,0.0148011205852539
FRA,M,0.0867020752143242
FRA,N,0.0279659548773772
FRA,O,0.1244612800180647
FRA,P,0.0658814013059394
FRA,Q,0.1233519333786541
FRA,R,0.0138524736926738
FRA,S,0.0086157354911196
FRA,T,0.0
DEU,A01_02,0.0025341749381761
DEU,A03,3.001899834747713e-05
DEU,B05_06,0.0006809123345075
DEU,B07_08,0.0017362082162392
DEU,B09,5.402762831684888e-05
DEU,C10T12,0.0130636834657557
DEU,C13T15,0.00193609401924
DEU,C16,0.0033757907288261
DEU,C17_18,0.0056338500005829
DEU,C19,0.0030808228686962
DEU,C20,0.0302440751479971
DEU,C21,0.0195984975392796
DEU,C22,0.0115399401295053
DEU,C23,0.0059307227862097
DEU,C24,0.0157738012640494
DEU,C25,0.0195770178621251
DEU,C26,0.029130481977352
DEU,C27,0.0247826209048823
DEU,C28,0.0740412682402774
DEU,C29,0.0859088883987902
DEU,C30,0.01494909989807
DEU,C31T33,0.0182605172825186
DEU,D,0.0049505729309758
DEU,E,0.0012388584438368
DEU,F,0.0875463689246219
DEU,G,0.0805188031747225
DEU,H49,0.0123830010360495
DEU,H50,0.0112364001046395
DEU,H51,0.0055466503937858
DEU,H52,0.00562067973982
DEU,H53,0.0005834326987358
DEU,I,0.0021614664116475
DEU,J58T60,0.0107540926749538
DEU,J61,0.0025139104721144
DEU,J62_63,0.021971771960055
DEU,K,0.0188689110739723
DEU,L,0.003153965439068
DEU,M,0.0568651133750895
DEU,N,0.0119711430062056
DEU,O,0.0981203476094909
DEU,P,0.0556008340289322
DEU,Q,0.1058564471136027
DEU,R,0.0075299734279314
DEU,S,0.0131447413300025
DEU,T,0.0
ITA,A01_02,0.0051801305848232
ITA,A03,6.283417647339253e-05
ITA,B05_06,0.0008014397863735
ITA,B07_08,0.0004150298701513
ITA,B09,0.0001525857033844
ITA,C10T12,0.0202203622945646
ITA,C13T15,0.0261155052694767
ITA,C16,0.0028012692017189
ITA,C17_18,0.0052634770795517
ITA,C19,0.0032036511602188
ITA,C20,0.0177719373973776
ITA,C21,0.0137405777112014
ITA,C22,0.012558565506291
ITA,C23,0.0083175423615856
ITA,C24,0.0213368648032293
ITA,C25,0.0233823402074192
ITA,C26,0.0165729802339085
ITA,C27,0.0196519359574615
ITA,C28,0.0819383605647195
ITA,C29,0.0321131287593079
ITA,C30,0.0186383193454997
ITA,C31T33,0.0257799302289304
ITA,D,0.001740952608275
ITA,E,0.0027091664604624
ITA,F,0.1001753519443569
ITA,G,0.0959224105752108
ITA,H49,0.0173763658528438
ITA,H50,0.0046132446984981
ITA,H51,0.0030127163400965
ITA,H52,0.0138166273338234
ITA,H53,0.0009909963084313
ITA,I,0.0069197048950336
ITA,J58T60,0.005675426048147
ITA,J61,0.0049003360777139
ITA,J62_63,0.0263550048272862
ITA,K,0.0082746529688702
ITA,L,0.0092880263517617
ITA,M,0.0347079775567672
ITA,N,0.0112290754084707
ITA,O,0.1158005495679765
ITA,P,0.0566277813649561
ITA,Q,0.1125173625017958
ITA,R,0.006161316654089
ITA,S,0.0051661854514639
ITA,T,0.0
JPN,A01_02,0.0006486090238962
JPN,A03,8.616770882462088e-05
JPN,B05_06,1.0085870321587164e-05
JPN,B07_08,2.8992823368163746e-05
JPN,B09,9.991822013122204e-05
JPN,C10T12,0.0012337516548043
JPN,C13T15,0.0011559510023879
JPN,C16,8.36705640826202e-05
JPN,C17_18,0.0008695252574353
JPN,C19,0.0011676583952692
JPN,C20,0.0121046334780131
JPN,C21,0.0053634777404031
JPN,C22,0.0049942894840013
JPN,C23,0.0017027608399837
JPN,C24,0.0144029795541896
JPN,C25,0.0027748466955818
JPN,C26,0.0469328949428181
JPN,C27,0.0175613163351501
JPN,C28,0.0707519262796172
JPN,C29,0.0503562533709427
JPN,C30,0.011590059508905
JPN,C31T33,0.0123476024183646
JPN,D,0.0091887143197338
JPN,E,0.0105310755555895
JPN,F,0.1801007918964864
JPN,G,0.0654360564415681
JPN,H49,0.0089592364470793
JPN,H50,0.0054945616241325
JPN,H51,0.000786406011023
JPN,H52,0.0048544493784493
JPN,H53,0.0001689626507249
JPN,I,0.0017012690392287
JPN,J58T60,0.0099817037123494
JPN,J61,0.0005437613751834
JPN,J62_63,0.033193215406916
JPN,K,0.0078170683864491
JPN,L,0.0066690304141527
JPN,M,0.0419139907463599
JPN,N,0.0232453042247116
JPN,O,0.1192555252651538
JPN,P,0.0494044844892773
JPN,Q,0.1598997989863343
JPN,R,0.0004902187002608
JPN,S,0.0040970037603432
JPN,T,0.0
