year,country,7 final demand total
1975,ITA,266578.969271185
1976,ITA,263091.1009232076
1977,ITA,301584.9727944723
1978,ITA,368859.0148686225
1979,ITA,460904.3978856921
1980,ITA,558756.2757312265
1981,ITA,504252.784443559
1982,ITA,500235.77866703714
1983,ITA,518698.35305020236
1984,ITA,512664.08383196674
1985,ITA,529441.1277308281
1986,ITA,749742.1813695556
1987,ITA,943301.3535753979
1988,ITA,1043865.4987698953
1989,ITA,1087245.4233201921
1990,ITA,1382940.968046847
1991,ITA,1459029.2949682302
1992,ITA,1545595.24381907
1993,ITA,1246813.6481294692
1994,ITA,1286925.3022050033
1995,ITA,1375255.042484325
1996,ITA,1535760.0624761465
1997,ITA,1454240.1924140751
1998,ITA,1486642.559451213
1999,ITA,1465932.611088976
2000,ITA,1342887.7176609978
2001,ITA,1369029.209163923
2002,ITA,1497178.5850703546
2003,ITA,1848979.0502558348
2004,ITA,2117495.853950762
2005,ITA,2178434.263767903
2006,ITA,2287742.609382012
2007,ITA,2596067.367966112
2008,ITA,2823830.0769989723
2009,ITA,2580835.6856963113
2010,ITA,2528333.0
2011,ITA,2697629.4
2012,ITA,2421946.6
2013,ITA,2466856.4
2014,ITA,2484957.2
2015,ITA,2157393.0
2016,ITA,2181270.2
2017,ITA,2312423.4
2018,ITA,2487956.8000000003
2019,ITA,2376584.4
2020,ITA,2228077.4
2021,ITA,2545478.091961121
2022,ITA,2457709.027102774
2023,ITA,2691954.545690649
2024,ITA,2771570.4554689955
2025,ITA,2849033.0483901966
2026,ITA,2929895.8941526045
2027,ITA,3014158.9927562196
2028,ITA,3101822.3442010414
2029,ITA,3192885.948487071
2030,ITA,3287349.8056143075
2031,ITA,3385213.915582752
2032,ITA,3486478.2783924034
2033,ITA,3591142.8940432617
2034,ITA,3699207.7625353276
2035,ITA,3810672.8838686002
2036,ITA,3925538.258043081
2037,ITA,4043803.885058769
2038,ITA,4165469.7649156637
2039,ITA,4290535.897613765
2040,ITA,4419002.283153076
1975,JPN,590882.8760826027
1976,JPN,664094.9522668265
1977,JPN,817326.5646976001
1978,JPN,1148374.933237569
1979,JPN,1195280.872419258
1980,JPN,1252355.3095275688
1981,JPN,1380808.831863429
1982,JPN,1284901.1562174642
1983,JPN,1409240.7061097294
1984,JPN,1492362.9094444674
1985,JPN,1582404.570474093
1986,JPN,2350930.1073360676
1987,JPN,2861761.2894360386
1988,JPN,3466071.683664057
1989,JPN,3448041.1737091094
1990,JPN,3532804.5304714814
1991,JPN,4045299.0437481077
1992,JPN,4414148.276608753
1993,JPN,5030955.83241071
1994,JPN,5543106.590577494
1995,JPN,6149401.893342989
1996,JPN,5459485.38788976
1997,JPN,4981621.429711104
1998,JPN,4544619.974105622
1999,JPN,5140780.0455680275
2000,JPN,5509352.056565897
2001,JPN,4851061.021218147
2002,JPN,4638309.874849379
2003,JPN,5011683.368510527
2004,JPN,5425919.364744849
2005,JPN,5357556.453384302
2006,JPN,5102723.028246146
2007,JPN,5078427.304192463
2008,JPN,5662733.368802569
2009,JPN,5865449.083738848
2010,JPN,6290778.8
2011,JPN,6928995.9
2012,JPN,7014392.0
2013,JPN,5942458.0
2014,JPN,5655340.2
2015,JPN,5027930.3
2016,JPN,5523585.1
2017,JPN,5524477.1
2018,JPN,5722021.0
2019,JPN,5777141.8
2020,JPN,5604394.8
2021,JPN,5587850.199229532
2022,JPN,4726588.404831749
2023,JPN,4671931.342366844
2024,JPN,4464613.744508485
2025,JPN,4340906.2604633495
2026,JPN,4217198.776418214
2027,JPN,4093491.2923730775
2028,JPN,3969783.8083279417
2029,JPN,3846076.3242828054
2030,JPN,3722368.8402376696
2031,JPN,3598661.356192534
2032,JPN,3474953.872147398
2033,JPN,3351246.388102262
2034,JPN,3227538.904057126
2035,JPN,3103831.4200119902
2036,JPN,2980123.9359668544
2037,JPN,2856416.451921718
2038,JPN,2732708.9678765824
2039,JPN,2609001.4838314466
2040,JPN,2485293.999786311
1975,CAN,214763.8638831175
1976,CAN,255214.6290263819
1977,CAN,261436.402929612
1978,CAN,270110.9323474343
1979,CAN,300303.7124545202
1980,CAN,338333.7359603909
1981,CAN,378314.1433694313
1982,CAN,387427.01664427907
1983,CAN,420940.620859224
1984,CAN,439227.93255737826
1985,CAN,450885.9090695062
1986,CAN,466672.4444372705
1987,CAN,533319.1802496859
1988,CAN,627201.1064372342
1989,CAN,698409.8197504348
1990,CAN,733950.1486526382
1991,CAN,754207.5451014689
1992,CAN,731870.4779377053
1993,CAN,712990.909511379
1994,CAN,714086.7691539428
1995,CAN,746121.5785029113
1996,CAN,776469.5027841129
1997,CAN,806487.4378695763
1998,CAN,780646.082455547
1999,CAN,835330.7099224488
2000,CAN,917041.2062597241
2001,CAN,909910.7307652445
2002,CAN,936589.3721983113
2003,CAN,1102682.292315967
2004,CAN,1264166.4454200086
2005,CAN,1444453.8261662882
2006,CAN,1624408.755110891
2007,CAN,1808562.427180373
2008,CAN,1912201.1980956465
2009,CAN,1692586.0005139883
2010,CAN,1969446.4
2011,CAN,2197101.9
2012,CAN,2247729.5
2013,CAN,2266708.5
2014,CAN,2228692.0
2015,CAN,1936344.3
2016,CAN,1892766.9
2017,CAN,2038459.9000000001
2018,CAN,2148019.3000000003
2019,CAN,2160167.4
2020,CAN,2038643.7
2021,CAN,2490162.498795661
2022,CAN,2697058.3367057643
2023,CAN,2676039.995021985
2024,CAN,2759657.779658509
2025,CAN,2870672.984433797
2026,CAN,2986130.3422272624
2027,CAN,3106029.8530389066
2028,CAN,3230371.516868728
2029,CAN,3359155.333716728
2030,CAN,3492381.303582905
2031,CAN,3630049.4264672594
2032,CAN,3772159.7023697924
2033,CAN,3918712.1312905033
2034,CAN,4069706.7132293917
2035,CAN,4225143.448186457
2036,CAN,4385022.336161701
2037,CAN,4549343.377155122
2038,CAN,4718106.571166722
2039,CAN,4891311.918196499
2040,CAN,5068959.418244453
1975,FRA,420438.48978345346
1976,FRA,434234.2731909076
1977,FRA,479306.54822023236
1978,FRA,591242.4732486131
1979,FRA,716738.497334786
1980,FRA,818448.0784313406
1981,FRA,717876.8527436525
1982,FRA,681306.8906283776
1983,FRA,652086.7449573062
1984,FRA,618710.3057799488
1985,FRA,644857.1275314302
1986,FRA,901430.1811037678
1987,FRA,1091596.8123153935
1988,FRA,1191184.0558432436
1989,FRA,1198148.52837575
1990,FRA,1482042.1117608848
1991,FRA,1483585.8442511696
1992,FRA,1637605.5667551635
1993,FRA,1548893.9775424576
1994,FRA,1633080.4272416567
1995,FRA,1879841.941337573
1996,FRA,1884166.7491538674
1997,FRA,1707992.6977816634
1998,FRA,1763991.2992613097
1999,FRA,1752218.865995702
2000,FRA,1603784.8625786935
2001,FRA,1614885.5954477647
2002,FRA,1758711.969828885
2003,FRA,2162521.7503219494
2004,FRA,2486222.4203649643
2005,FRA,2583277.235555698
2006,FRA,2731416.6335356296
2007,FRA,3129676.0475941584
2008,FRA,3449004.7729509464
2009,FRA,3181832.994174317
2010,FRA,3095429.4
2011,FRA,3405768.9
2012,FRA,3190371.4
2013,FRA,3338000.1999999997
2014,FRA,3396771.6
2015,FRA,2907328.4
2016,FRA,2937070.1
2017,FRA,3105551.9
2018,FRA,3350258.7
2019,FRA,3265486.9
2020,FRA,3120378.3
2021,FRA,3495705.6268364345
2022,FRA,3295220.7347966144
2023,FRA,3596342.8441420277
2024,FRA,3726263.841893101
2025,FRA,3834163.976116411
2026,FRA,3945770.8135000747
2027,FRA,4061084.354044092
2028,FRA,4180104.5977484626
2029,FRA,4302831.544613187
2030,FRA,4429265.194638264
2031,FRA,4559405.5478236955
2032,FRA,4693252.60416948
2033,FRA,4830806.363675618
2034,FRA,4972066.826342108
2035,FRA,5117033.992168954
2036,FRA,5265707.861156151
2037,FRA,5418088.433303702
2038,FRA,5574175.708611606
2039,FRA,5733969.687079864
2040,FRA,5897470.368708474
1975,DEU,590338.6737087514
1976,DEU,625374.1256457384
1977,DEU,722525.1261426244
1978,DEU,890941.0531013112
1979,DEU,1060443.109040491
1980,DEU,1143398.9072658333
1981,DEU,963136.2622219007
1982,DEU,934385.013503175
1983,DEU,927295.2046834885
1984,DEU,872461.2758007584
1985,DEU,881393.6676701335
1986,DEU,1258866.645834412
1987,DEU,1561975.7533706925
1988,DEU,1685981.4727329486
1989,DEU,1683248.168013827
1990,DEU,2131689.964628668
1991,DEU,2248730.552228601
1992,DEU,2567124.587470496
1993,DEU,2492282.388516652
1994,DEU,2655717.227270097
1995,DEU,3108594.649964215
1996,DEU,3004932.8696736665
1997,DEU,2659925.0779561135
1998,DEU,2694654.831338988
1999,DEU,2654026.894088535
2000,DEU,2358050.7528148745
2001,DEU,2357331.4620993165
2002,DEU,2520334.7264234265
2003,DEU,3038667.604233352
2004,DEU,3419412.156335562
2005,DEU,3468647.6058155294
2006,DEU,3651970.832854163
2007,DEU,4176753.350746928
2008,DEU,4566045.474185689
2009,DEU,4171646.3866664637
2010,DEU,4123342.1
2011,DEU,4635620.4
2012,DEU,4352240.1
2013,DEU,4581883.3
2014,DEU,4748757.3
2015,DEU,4096823.7
2016,DEU,4209204.8
2017,DEU,4518081.7
2018,DEU,4892392.5
2019,DEU,4786413.6
2020,DEU,4723510.2
2021,DEU,5212819.697437147
2022,DEU,4991398.038831107
2023,DEU,5425489.98567056
2024,DEU,5586407.306919551
2025,DEU,5764983.927237472
2026,DEU,5948916.821303384
2027,DEU,6138205.989117294
2028,DEU,6332851.430679195
2029,DEU,6532853.145989089
2030,DEU,6738211.135046978
2031,DEU,6948925.39785286
2032,DEU,7164995.934406736
2033,DEU,7386422.744708606
2034,DEU,7613205.82875847
2035,DEU,7845345.186556326
2036,DEU,8082840.818102177
2037,DEU,8325692.723396021
2038,DEU,8573900.90243786
2039,DEU,8827465.355227692
2040,DEU,9086386.081765516
1975,GBR,280410.83159278845
1976,GBR,269807.14349928434
1977,GBR,305126.8663318476
1978,GBR,389586.36708711874
1979,GBR,509183.4883963838
1980,GBR,655275.9112939135
1981,GBR,627227.5208457494
1982,GBR,597398.7036612553
1983,GBR,567901.6141944096
1984,GBR,535272.8294910226
1985,GBR,567515.3717819029
1986,GBR,697617.5907790773
1987,GBR,864304.9694618026
1988,GBR,1055639.949543233
1989,GBR,1075081.9775265316
1990,GBR,1267953.8080481167
1991,GBR,1325519.0060442453
1992,GBR,1368272.445458658
1993,GBR,1231092.5952269002
1994,GBR,1322839.6667863156
1995,GBR,1559166.6684327235
1996,GBR,1646633.756502199
1997,GBR,1810479.4117295442
1998,GBR,1918093.7391541023
1999,GBR,1957692.2855894808
2000,GBR,1931826.8027098984
2001,GBR,1913616.5748529728
2002,GBR,2071245.235092221
2003,GBR,2382895.306613072
2004,GBR,2808701.4689414785
2005,GBR,2949801.737654536
2006,GBR,3141484.68387336
2007,GBR,3584642.757586455
2008,GBR,3397784.941806154
2009,GBR,2798622.0498283138
2010,GBR,2904717.3
2011,GBR,3126232.9
2012,GBR,3159559.8000000003
2013,GBR,3247004.3
2014,GBR,3540721.2
2015,GBR,3363184.2
2016,GBR,3038686.5
2017,GBR,3110131.0
2018,GBR,3361506.2
2019,GBR,3324312.7
2020,GBR,3127960.4
2021,GBR,3645896.3966389545
2022,GBR,3611934.9016293506
2023,GBR,3908657.225856021
2024,GBR,4226431.501394997
2025,GBR,4327320.86388773
2026,GBR,4478954.537494085
2027,GBR,4631400.818966494
2028,GBR,4827668.49937039
2029,GBR,4991875.05014715
2030,GBR,5187037.673511557
2031,GBR,5366612.458466635
2032,GBR,5572038.442401167
2033,GBR,5765811.566091849
2034,GBR,5980048.44207837
2035,GBR,6187260.193293743
2036,GBR,6411346.844833634
2037,GBR,6631553.287325684
2038,GBR,6865825.374163709
2039,GBR,7098635.623888774
2040,GBR,7343434.857349628
1975,USA,1816001.3335462513
1976,USA,2019179.2143622069
1977,USA,2243816.283587508
1978,USA,2534576.9695337196
1979,USA,2831761.4004784096
1980,USA,3079636.0438928357
1981,USA,3456578.38253675
1982,USA,3603968.8403457887
1983,USA,3916803.0661525424
1984,USA,4351774.67169546
1985,USA,4676594.139848366
1986,USA,4935969.01130537
1987,USA,5233002.548911169
1988,USA,5643885.110709794
1989,USA,6080548.87726741
1990,USA,6427129.3205074435
1991,USA,6637291.407294899
1992,USA,7027674.0311956955
1993,USA,7392221.559859325
1994,USA,7854256.963541803
1995,USA,8234195.612772255
1996,USA,8701285.943307562
1997,USA,9244965.421425395
1998,USA,9767994.06830651
1999,USA,10380567.133723455
2000,USA,11048625.835469536
2001,USA,11405273.020032687
2002,USA,11779488.500480939
2003,USA,12347925.264272436
2004,USA,13167814.999229189
2005,USA,14053774.460428677
2006,USA,14890585.805532428
2007,USA,15600431.184055522
2008,USA,15919139.471983368
2009,USA,15604634.641353184
2010,USA,16778104.200000003
2011,USA,17586334.3
2012,USA,18273083.0
2013,USA,18829698.5
2014,USA,19614114.6
2015,USA,20152840.599999998
2016,USA,20570430.6
2017,USA,21496544.6
2018,USA,22679128.8
2019,USA,23468111.799999997
2020,USA,23015653.2
2021,USA,25523823.835227896
2022,USA,28030485.537066888
2023,USA,29877635.566998377
2024,USA,31455764.32987951
2025,USA,33062537.902803667
2026,USA,34697956.28577085
2027,USA,36362019.47878106
2028,USA,38054727.481834285
2029,USA,39776080.29493054
2030,USA,41526077.918069825
2031,USA,43304720.35125213
2032,USA,45112007.59447746
2033,USA,46947939.64774581
2034,USA,48812516.51105719
2035,USA,50705738.18441159
2036,USA,52627604.66780902
2037,USA,54578115.96124947
2038,USA,56557272.06473295
2039,USA,58565072.97825945
2040,USA,60601518.70182897
