year,country,HFCE total
1975,ITA,119007.84498720826
1976,ITA,117450.76906022606
1977,ITA,134635.44326441168
1978,ITA,164668.34043072537
1979,ITA,205759.81401482585
1980,ITA,249443.4592107912
1981,ITA,225111.67092247363
1982,ITA,223318.37416664918
1983,ITA,231560.55169574518
1984,ITA,228866.69562113364
1985,ITA,236356.40812590433
1986,ITA,334704.57757690776
1987,ITA,421114.4696426699
1988,ITA,466008.94213349547
1989,ITA,485374.8784282928
1990,ITA,617381.1265072242
1991,ITA,651348.951652442
1992,ITA,689994.2620840061
1993,ITA,556610.3198995533
1994,ITA,574517.2145186319
1995,ITA,613949.9277130036
1996,ITA,685603.5791284837
1997,ITA,649210.9706408455
1998,ITA,663676.2372900371
1999,ITA,654430.7730618408
2000,ITA,599500.3048273114
2001,ITA,611170.5523979282
2002,ITA,668379.7955155493
2003,ITA,825432.7518747248
2004,ITA,945305.6969834546
2005,ITA,972510.2017090612
2006,ITA,1021308.3146517918
2007,ITA,1158952.575095938
2008,ITA,1260631.8232547655
2009,ITA,1152152.7525614947
2010,ITA,1163096.2
2011,ITA,1231656.1
2012,ITA,1120535.7
2013,ITA,1142154.6
2014,ITA,1143986.1
2015,ITA,999077.0
2016,ITA,1000971.8
2017,ITA,1046988.0
2018,ITA,1116610.2
2019,ITA,1063209.3
2020,ITA,994672.2
2021,ITA,1136368.195190513
2022,ITA,1097185.7822121333
2023,ITA,1201759.1266183655
2024,ITA,1237301.7572891982
2025,ITA,1271883.0908275372
2026,ITA,1307982.3864322389
2027,ITA,1345599.644103303
2028,ITA,1384734.8638407297
2029,ITA,1425388.0456445192
2030,ITA,1467559.1895146712
2031,ITA,1511248.295451186
2032,ITA,1556455.3634540632
2033,ITA,1603180.393523303
2034,ITA,1651423.3856589056
2035,ITA,1701184.3398608707
2036,ITA,1752463.2561291987
2037,ITA,1805260.1344638893
2038,ITA,1859574.9748649423
2039,ITA,1915407.7773323578
2040,ITA,1972758.5418661365
1975,JPN,265780.8382034875
1976,JPN,298711.843251162
1977,JPN,367635.8687046084
1978,JPN,516542.3888254417
1979,JPN,537640.8168507757
1980,JPN,563313.0648522874
1981,JPN,621091.833231831
1982,JPN,577952.281460882
1983,JPN,633880.5730561706
1984,JPN,671269.1821526018
1985,JPN,711770.183468373
1986,JPN,1057455.2077529596
1987,JPN,1287228.560907348
1988,JPN,1559049.1358710902
1989,JPN,1550938.9599918483
1990,JPN,1589065.764678764
1991,JPN,1819587.2890397245
1992,JPN,1985496.748001116
1993,JPN,2262938.5826302366
1994,JPN,2493305.4849418392
1995,JPN,2766018.877545424
1996,JPN,2455692.424483436
1997,JPN,2240747.8246433074
1998,JPN,2044183.297444634
1999,JPN,2312337.8334961724
2000,JPN,2478122.5972564686
2001,JPN,2182021.372735439
2002,JPN,2086325.28760682
2003,JPN,2254269.7722500875
2004,JPN,2440594.3295348105
2005,JPN,2409844.492944696
2006,JPN,2295219.6762898024
2007,JPN,2284291.388865805
2008,JPN,2547113.9581185067
2009,JPN,2638296.076967474
2010,JPN,3042261.6
2011,JPN,3317043.9
2012,JPN,3360572.4
2013,JPN,2823315.0
2014,JPN,2629574.2
2015,JPN,2298378.1
2016,JPN,2528350.0
2017,JPN,2492435.3
2018,JPN,2563855.9
2019,JPN,2583687.1
2020,JPN,2520873.1
2021,JPN,2513431.2903986294
2022,JPN,2126033.2274436248
2023,JPN,2101448.3215956646
2024,JPN,2008196.2624085145
2025,JPN,1952552.2758717232
2026,JPN,1896908.289334932
2027,JPN,1841264.302798141
2028,JPN,1785620.31626135
2029,JPN,1729976.3297245586
2030,JPN,1674332.3431877675
2031,JPN,1618688.3566509765
2032,JPN,1563044.3701141854
2033,JPN,1507400.383577394
2034,JPN,1451756.397040603
2035,JPN,1396112.410503812
2036,JPN,1340468.4239670208
2037,JPN,1284824.4374302295
2038,JPN,1229180.4508934384
2039,JPN,1173536.4643566473
2040,JPN,1117892.4778198563
1975,CAN,89548.39608136838
1976,CAN,106414.83288944724
1977,CAN,109009.07692911674
1978,CAN,112626.02710910322
1979,CAN,125215.2727249227
1980,CAN,141072.35196680517
1981,CAN,157742.66741665057
1982,CAN,161542.39038074992
1983,CAN,175516.2938582335
1984,CAN,183141.41012127948
1985,CAN,188002.34472796676
1986,CAN,194584.7319895149
1987,CAN,222373.89627512565
1988,CAN,261519.10329049092
1989,CAN,291210.4393882876
1990,CAN,306029.4102889447
1991,CAN,314475.9772671048
1992,CAN,305162.2663778025
1993,CAN,297290.20149352535
1994,CAN,297747.1334538075
1995,CAN,311104.4354882586
1996,CAN,323758.37034789333
1997,CAN,336274.71221274644
1998,CAN,325499.8458639351
1999,CAN,348301.2640887128
2000,CAN,382371.44590476423
2001,CAN,379398.3077227484
2002,CAN,390522.2906254832
2003,CAN,459776.74678995943
2004,CAN,527109.5216877657
2005,CAN,602282.5302546386
2006,CAN,677316.919013336
2007,CAN,754102.0246086201
2008,CAN,797315.4662905876
2009,CAN,705744.247823251
2010,CAN,806756.8
2011,CAN,875794.2999999999
2012,CAN,894822.6
2013,CAN,905113.4
2014,CAN,882756.9
2015,CAN,787371.9
2016,CAN,781283.9
2017,CAN,836854.8
2018,CAN,876847.4
2019,CAN,883162.7
2020,CAN,850037.2
2021,CAN,1038303.4357701972
2022,CAN,1124571.1630580788
2023,CAN,1115807.3107412062
2024,CAN,1150672.7595308272
2025,CAN,1196961.8947164472
2026,CAN,1245103.2394439029
2027,CAN,1295096.7937131946
2028,CAN,1346942.557524322
2029,CAN,1400640.5308772852
2030,CAN,1456190.713772084
2031,CAN,1513593.1062087186
2032,CAN,1572847.7081871894
2033,CAN,1633954.5197074958
2034,CAN,1696913.5407696378
2035,CAN,1761724.7713736154
2036,CAN,1828388.211519429
2037,CAN,1896903.861207078
2038,CAN,1967271.7204365635
2039,CAN,2039491.7892078843
2040,CAN,2113564.067521041
1975,FRA,160517.28004022007
1976,FRA,165784.30882659284
1977,FRA,182992.24570377613
1978,FRA,225727.7484252227
1979,FRA,273640.2990876269
1980,FRA,312471.53292651236
1981,FRA,274074.90657098184
1982,FRA,260113.0286921482
1983,FRA,248957.20347758435
1984,FRA,236214.56605412526
1985,FRA,246197.0410444762
1986,FRA,344152.8887887142
1987,FRA,416755.73352879414
1988,FRA,454776.68985471665
1989,FRA,457435.6238367328
1990,FRA,565822.0511814889
1991,FRA,566411.4257189578
1992,FRA,625213.9081977241
1993,FRA,591345.1179834814
1994,FRA,623486.2759657543
1995,FRA,717696.2211153618
1996,FRA,719347.3696287288
1997,FRA,652086.6876809432
1998,FRA,673466.1365515704
1999,FRA,668971.5933230863
2000,FRA,612301.6568806577
2001,FRA,616539.7546997088
2002,FRA,671450.5656142723
2003,FRA,825619.24710623
2004,FRA,949203.4392415961
2005,FRA,986257.5513835334
2006,FRA,1042815.0117691932
2007,FRA,1194864.6443516256
2008,FRA,1316779.6918045415
2009,FRA,1214777.4054419866
2010,FRA,1256535.0
2011,FRA,1347225.0
2012,FRA,1255353.4
2013,FRA,1309937.5
2014,FRA,1315347.8
2015,FRA,1115514.7
2016,FRA,1131147.7
2017,FRA,1183117.1
2018,FRA,1269288.5
2019,FRA,1230957.3
2020,FRA,1191314.9
2021,FRA,1334609.396323543
2022,FRA,1258067.19017119
2023,FRA,1373031.21731579
2024,FRA,1422633.1583508626
2025,FRA,1463827.8550362706
2026,FRA,1506437.716897262
2027,FRA,1550462.743933837
2028,FRA,1595902.9361459955
2029,FRA,1642758.2935337373
2030,FRA,1691028.8160970623
2031,FRA,1740714.503835971
2032,FRA,1791815.356750463
2033,FRA,1844331.3748405383
2034,FRA,1898262.5581061968
2035,FRA,1953608.906547439
2036,FRA,2010370.4201642643
2037,FRA,2068547.0989566732
2038,FRA,2128138.942924665
2039,FRA,2189145.952068241
2040,FRA,2251568.1263873996
1975,DEU,209810.88573446628
1976,DEU,222262.75367126547
1977,DEU,256790.96327709168
1978,DEU,316647.27352863096
1979,DEU,376889.6023379372
1980,DEU,406372.72834274924
1981,DEU,342306.003755831
1982,DEU,332087.58977026195
1983,DEU,329567.8174185689
1984,DEU,310079.4191489642
1985,DEU,313254.0596279066
1986,DEU,447410.84693767224
1987,DEU,555138.1451118488
1988,DEU,599210.7274688209
1989,DEU,598239.2900386788
1990,DEU,757618.9389392255
1991,DEU,799216.0601255285
1992,DEU,912375.7386656312
1993,DEU,885776.2479797672
1994,DEU,943862.241335587
1995,DEU,1104818.345714873
1996,DEU,1067976.1551076865
1997,DEU,945357.7436951479
1998,DEU,957700.9640246285
1999,DEU,943261.4839774729
2000,DEU,838069.2966407285
2001,DEU,837813.6552117437
2002,DEU,895746.2637101727
2003,DEU,1079965.7381270716
2004,DEU,1215285.2678696695
2005,DEU,1232783.9236836762
2006,DEU,1297938.4025509246
2007,DEU,1484450.12844772
2008,DEU,1622807.5305047536
2009,DEU,1482635.0743019283
2010,DEU,1572065.0
2011,DEU,1713442.2
2012,DEU,1625865.9
2013,DEU,1712154.3
2014,DEU,1747242.8
2015,DEU,1491536.2
2016,DEU,1541229.2
2017,DEU,1618085.7
2018,DEU,1742566.6
2019,DEU,1699766.9
2020,DEU,1678771.7
2021,DEU,1852676.042757364
2022,DEU,1773981.0895348897
2023,DEU,1928260.6919271904
2024,DEU,1985451.9402815634
2025,DEU,2048919.4387684662
2026,DEU,2114290.5979663343
2027,DEU,2181565.4178751684
2028,DEU,2250743.8984949673
2029,DEU,2321826.039825732
2030,DEU,2394811.841867462
2031,DEU,2469701.3046201575
2032,DEU,2546494.428083819
2033,DEU,2625191.212258445
2034,DEU,2705791.6571440375
2035,DEU,2788295.762740595
2036,DEU,2872703.5290481183
2037,DEU,2959014.9560666066
2038,DEU,3047230.0437960606
2039,DEU,3137348.79223648
2040,DEU,3229371.201387865
1975,GBR,125453.99672205371
1976,GBR,120709.97508862421
1977,GBR,136511.79118571035
1978,GBR,174298.4268542113
1979,GBR,227805.40723536958
1980,GBR,293166.2145879159
1981,GBR,280617.5456818131
1982,GBR,267272.3253419634
1983,GBR,254075.51784253813
1984,GBR,239477.61010134307
1985,GBR,253902.7154793865
1986,GBR,312109.6087826593
1987,GBR,386684.46646589634
1988,GBR,472286.5019778773
1989,GBR,480984.7398491905
1990,GBR,567274.3523316695
1991,GBR,593028.6504794607
1992,GBR,612156.2634096959
1993,GBR,550782.8835600234
1994,GBR,591829.9313837242
1995,GBR,697561.1070357983
1996,GBR,736693.3178624137
1997,GBR,809996.8068077485
1998,GBR,858142.762523083
1999,GBR,875858.8966912391
2000,GBR,864286.8465462514
2001,GBR,856139.7081033677
2002,GBR,926661.7536057817
2003,GBR,1066091.984702497
2004,GBR,1256594.9142417994
2005,GBR,1319722.2640237615
2006,GBR,1405479.9773403837
2007,GBR,1603746.0400711219
2008,GBR,1520147.058978856
2009,GBR,1252085.4471673626
2010,GBR,1336516.7
2011,GBR,1423993.7
2012,GBR,1457940.2
2013,GBR,1520880.8
2014,GBR,1668507.1
2015,GBR,1595209.4000000001
2016,GBR,1442240.3
2017,GBR,1458302.8
2018,GBR,1571644.2
2019,GBR,1534816.1
2020,GBR,1399429.3
2021,GBR,1631150.5229481084
2022,GBR,1615956.369215138
2023,GBR,1748708.0224927505
2024,GBR,1890878.182951149
2025,GBR,1936015.4327483817
2026,GBR,2003855.3599134986
2027,GBR,2072058.8425945889
2028,GBR,2159867.7364029144
2029,GBR,2233332.6876884024
2030,GBR,2320647.1861075694
2031,GBR,2400987.78620191
2032,GBR,2492894.0459164875
2033,GBR,2579586.8911472852
2034,GBR,2675435.0871142177
2035,GBR,2768140.2875876967
2036,GBR,2868395.209582174
2037,GBR,2966914.151085442
2038,GBR,3071725.971111449
2039,GBR,3175883.774645526
2040,GBR,3285405.372144861
1975,USA,997953.3749022436
1976,USA,1109606.4051727771
1977,USA,1233051.9760654862
1978,USA,1392834.6824263257
1979,USA,1556147.451173311
1980,USA,1692362.8450601993
1981,USA,1899505.247460675
1982,USA,1980501.225867632
1983,USA,2152414.079488248
1984,USA,2391445.501833372
1985,USA,2569944.646348945
1986,USA,2712479.799574789
1987,USA,2875709.6473932406
1988,USA,3101503.3357903166
1989,USA,3341464.65711971
1990,USA,3531922.184114526
1991,USA,3647413.2687914735
1992,USA,3861941.556754909
1993,USA,4062272.597168694
1994,USA,4316176.48033867
1995,USA,4524965.455462885
1996,USA,4781647.189738738
1997,USA,5080417.218168876
1998,USA,5367838.92523684
1999,USA,5704468.280466046
2000,USA,6071588.8457017625
2001,USA,6267578.383214464
2002,USA,6473222.285977868
2003,USA,6785597.269610988
2004,USA,7236154.057721936
2005,USA,7723018.3666836815
2006,USA,8182874.1446373295
2007,USA,8572957.884153394
2008,USA,8748098.731063355
2009,USA,8575267.824305402
2010,USA,9258319.2
2011,USA,9648115.1
2012,USA,9916909.299999999
2013,USA,10203268.6
2014,USA,10632883.7
2015,USA,11015016.700000001
2016,USA,11371205.5
2017,USA,11861828.9
2018,USA,12432808.4
2019,USA,12896021.2
2020,USA,12647870.0
2021,USA,14026193.51993294
2022,USA,15403687.830580544
2023,USA,16418758.454301516
2024,USA,17285992.90829396
2025,USA,18168968.641947273
2026,USA,19067685.65526146
2027,USA,19982143.94823652
2028,USA,20912343.520872455
2029,USA,21858284.373169262
2030,USA,22819966.505126942
2031,USA,23797389.916745495
2032,USA,24790554.60802492
2033,USA,25799460.57896522
2034,USA,26824107.829566397
2035,USA,27864496.359828442
2036,USA,28920626.16975136
2037,USA,29992497.259335153
2038,USA,31080109.628579818
2039,USA,32183463.277485356
2040,USA,33302558.206051767
