country,year,sector,GDP,GDP total,GDP sector ratio
CAN,2020,A01_02,27647.0,1545340.6,0.017890554354166324
CAN,2020,A03,2091.8,1545340.6,0.0013536174484770542
CAN,2020,B05_06,30384.1,1545340.6,0.0196617496492359
CAN,2020,B07_08,20357.1,1545340.6,0.013173212429674078
CAN,2020,B09,9869.5,1545340.6,0.006386617940407441
CAN,2020,C10T12,27346.0,1545340.6,0.01769577528733795
CAN,2020,C13T15,1788.8,1545340.6,0.0011575441685800528
CAN,2020,C16,8874.3,1545340.6,0.00574261751745861
CAN,2020,C17_18,9471.3,1545340.6,0.006128940118443791
CAN,2020,C19,6425.6,1545340.6,0.004158047746885055
CAN,2020,C20,10486.5,1545340.6,0.0067858826720788926
CAN,2020,C21,4591.8,1545340.6,0.002971383784260894
CAN,2020,C22,7671.3,1545340.6,0.004964148356679427
CAN,2020,C23,6189.5,1545340.6,0.004005265894133629
CAN,2020,C24,8029.4,1545340.6,0.005195877206617103
CAN,2020,C25,11518.1,1545340.6,0.007453437772876737
CAN,2020,C26,5003.7,1545340.6,0.0032379269657446387
CAN,2020,C27,2909.4,1545340.6,0.001882691750931801
CAN,2020,C28,11111.0,1545340.6,0.007190000702757696
CAN,2020,C29,10750.0,1545340.6,0.0069563952438705095
CAN,2020,C30,8673.9,1545340.6,0.005612937367982178
CAN,2020,C31T33,12965.0,1545340.6,0.008389736217374991
CAN,2020,D,33939.7,1545340.6,0.02196260164264111
CAN,2020,E,8678.4,1545340.6,0.005615849347386588
CAN,2020,F,119625.5,1545340.6,0.07741044272052387
CAN,2020,G,164553.6,1545340.6,0.10648370980481585
CAN,2020,H49,36472.4,1545340.6,0.023601528362097002
CAN,2020,H50,1529.2,1545340.6,0.0009895553122722589
CAN,2020,H51,2377.0,1545340.6,0.0015381722320632746
CAN,2020,H52,15985.1,1545340.6,0.010344062661655301
CAN,2020,H53,7789.8,1545340.6,0.005040830480995581
CAN,2020,I,25855.3,1545340.6,0.01673113357663676
CAN,2020,J58T60,15797.5,1545340.6,0.010222665475818082
CAN,2020,J61,27782.8,1545340.6,0.017978431421526102
CAN,2020,J62_63,35782.4,1545340.6,0.023155024853420664
CAN,2020,K,118534.3,1545340.6,0.07670432007028094
CAN,2020,L,211356.1,1545340.6,0.1367699133770251
CAN,2020,M,70792.9,1545340.6,0.0458105481730047
CAN,2020,N,47206.6,1545340.6,0.030547699322725358
CAN,2020,O,117995.7,1545340.6,0.07635578849089968
CAN,2020,P,87170.9,1545340.6,0.056408858991991793
CAN,2020,Q,123137.4,1545340.6,0.07968301615837957
CAN,2020,R,8879.3,1545340.6,0.005745853050130177
CAN,2020,S,17733.5,1545340.6,0.011475463726249087
CAN,2020,T,2210.1,1545340.6,0.0014301701514863453
CAN,2020,HFCE,0.0,1545340.6,0.0
USA,2020,A01_02,195779.2,20343313.0,0.009623761872021535
USA,2020,A03,4053.0,20343313.0,0.000199230086073001
USA,2020,B05_06,120264.9,20343313.0,0.005911765699126784
USA,2020,B07_08,37005.8,20343313.0,0.001819064574192021
USA,2020,B09,33335.9,20343313.0,0.001638666229045387
USA,2020,C10T12,282523.9,20343313.0,0.013887801854103116
USA,2020,C13T15,23667.3,20343313.0,0.0011633945758982324
USA,2020,C16,44273.4,20343313.0,0.0021763121867121645
USA,2020,C17_18,97608.3,20343313.0,0.0047980532964321
USA,2020,C19,57173.5,20343313.0,0.002810432106117622
USA,2020,C20,200733.0,20343313.0,0.009867271864715447
USA,2020,C21,195910.9,20343313.0,0.009630235743804364
USA,2020,C22,79404.9,20343313.0,0.003903243291788314
USA,2020,C23,71132.3,20343313.0,0.003496593696415132
USA,2020,C24,69098.1,20343313.0,0.003396600150624434
USA,2020,C25,147062.7,20343313.0,0.0072290437648970945
USA,2020,C26,318579.3,20343313.0,0.01566014837406277
USA,2020,C27,61603.3,20343313.0,0.0030281842490453743
USA,2020,C28,159979.4,20343313.0,0.007863979677253158
USA,2020,C29,136114.2,20343313.0,0.006690857089010035
USA,2020,C30,148792.2,20343313.0,0.007314059415985981
USA,2020,C31T33,144863.2,20343313.0,0.007120924698941614
USA,2020,D,297255.0,20343313.0,0.014611926779084607
USA,2020,E,68822.6,20343313.0,0.003383057617016462
USA,2020,F,892143.4,20343313.0,0.04385438104403152
USA,2020,G,2083530.7,20343313.0,0.10241845563699482
USA,2020,H49,293235.1,20343313.0,0.014414323763292635
USA,2020,H50,11095.2,20343313.0,0.0005453978906975477
USA,2020,H51,49536.0,20343313.0,0.0024350016145354494
USA,2020,H52,156670.1,20343313.0,0.007701307058491407
USA,2020,H53,112525.0,20343313.0,0.005531301612475805
USA,2020,I,448302.1,20343313.0,0.022036828514608215
USA,2020,J58T60,513376.0,20343313.0,0.02523561427777275
USA,2020,J61,329073.2,20343313.0,0.01617598864059163
USA,2020,J62_63,665923.8,20343313.0,0.03273428472540338
USA,2020,K,1745673.1,20343313.0,0.08581065925692635
USA,2020,L,2589809.4,20343313.0,0.12730519360342143
USA,2020,M,1658546.0,20343313.0,0.08152782194325968
USA,2020,N,798225.4,20343313.0,0.03923772887926367
USA,2020,O,1825179.0,20343313.0,0.08971886732510088
USA,2020,P,1129669.1,20343313.0,0.055530242296326075
USA,2020,Q,1606621.6,20343313.0,0.07897541565624046
USA,2020,R,146165.6,20343313.0,0.007184945736223004
USA,2020,S,270505.3,20343313.0,0.013297013126622983
USA,2020,T,22471.6,20343313.0,0.0011046185053535773
USA,2020,HFCE,0.0,20343313.0,0.0
GBR,2020,A01_02,16634.6,2440482.3,0.006816111716933985
GBR,2020,A03,775.6,2440482.3,0.0003178060336680172
GBR,2020,B05_06,14792.4,2440482.3,0.006061260923711678
GBR,2020,B07_08,2543.6,2440482.3,0.0010422530005646834
GBR,2020,B09,1420.5,2440482.3,0.0005820570794551553
GBR,2020,C10T12,36028.2,2440482.3,0.0147627376768928
GBR,2020,C13T15,7401.3,2440482.3,0.0030327202127218874
GBR,2020,C16,4465.4,2440482.3,0.0018297202975002113
GBR,2020,C17_18,10464.1,2440482.3,0.0042877180465517
GBR,2020,C19,5067.0,2440482.3,0.0020762289486795297
GBR,2020,C20,14873.1,2440482.3,0.006094328158003851
GBR,2020,C21,19544.9,2440482.3,0.008008621902318243
GBR,2020,C22,9893.6,2440482.3,0.004053952778104558
GBR,2020,C23,7501.3,2440482.3,0.0030736957198993007
GBR,2020,C24,4903.8,2440482.3,0.0020093569209659913
GBR,2020,C25,20575.6,2440482.3,0.008430956454795841
GBR,2020,C26,15873.1,2440482.3,0.006504083229777984
GBR,2020,C27,7057.7,2440482.3,0.002891928370060295
GBR,2020,C28,17879.5,2440482.3,0.007326215805785603
GBR,2020,C29,17623.1,2440482.3,0.007221154605382715
GBR,2020,C30,13955.1,2440482.3,0.005718173002115197
GBR,2020,C31T33,22688.5,2440482.3,0.009296727945947407
GBR,2020,D,37112.8,2440482.3,0.015207158027739028
GBR,2020,E,31094.9,2440482.3,0.012741292981309474
GBR,2020,F,136791.0,2440482.3,0.056050806023055365
GBR,2020,G,254285.8,2440482.3,0.1041948962301427
GBR,2020,H49,24596.1,2440482.3,0.01007837672086374
GBR,2020,H50,4225.6,2440482.3,0.0017314610312887746
GBR,2020,H51,2802.6,2440482.3,0.0011483795641541838
GBR,2020,H52,30467.9,2440482.3,0.012484376551307094
GBR,2020,H53,17348.7,2440482.3,0.007108717813687894
GBR,2020,I,47446.1,2440482.3,0.01944128011090267
GBR,2020,J58T60,39203.8,2440482.3,0.01606395588281874
GBR,2020,J61,44161.5,2440482.3,0.018095398602153354
GBR,2020,J62_63,80543.6,2440482.3,0.03300314859894703
GBR,2020,K,214716.6,2440482.3,0.08798121584409771
GBR,2020,L,334940.0,2440482.3,0.13724336374002796
GBR,2020,M,184530.7,2440482.3,0.07561239022303093
GBR,2020,N,119023.1,2440482.3,0.048770318883279755
GBR,2020,O,129617.9,2440482.3,0.05311159191771233
GBR,2020,P,154601.3,2440482.3,0.0633486667778742
GBR,2020,Q,208067.9,2440482.3,0.08525687729839303
GBR,2020,R,29216.7,2440482.3,0.011971691005503299
GBR,2020,S,39721.8,2440482.3,0.01627620900999774
GBR,2020,T,4003.9,2440482.3,0.0016406183318764494
GBR,2020,HFCE,0.0,2440482.3,0.0
FRA,2020,A01_02,40604.2,2347984.2,0.01729321687939808
FRA,2020,A03,875.1,2347984.2,0.00037270267832296316
FRA,2020,B05_06,178.1,2347984.2,7.585229917645953e-05
FRA,2020,B07_08,1616.9,2347984.2,0.0006886332540057126
FRA,2020,B09,131.2,2347984.2,5.587771842757714e-05
FRA,2020,C10T12,52368.5,2347984.2,0.0223035998283123
FRA,2020,C13T15,5964.6,2347984.2,0.0025403067022341974
FRA,2020,C16,3532.9,2347984.2,0.001504652373725513
FRA,2020,C17_18,8377.9,2347984.2,0.003568124521451209
FRA,2020,C19,1297.5,2347984.2,0.0005526016742361384
FRA,2020,C20,22381.6,2347984.2,0.009532261758831255
FRA,2020,C21,13748.8,2347984.2,0.005855576029855737
FRA,2020,C22,12214.5,2347984.2,0.005202121888213728
FRA,2020,C23,9188.2,2347984.2,0.003913229058355673
FRA,2020,C24,3659.8,2347984.2,0.0015586987340034059
FRA,2020,C25,20338.2,2347984.2,0.008661983330211506
FRA,2020,C26,13407.8,2347984.2,0.005710345069613329
FRA,2020,C27,7435.3,2347984.2,0.0031666737791506434
FRA,2020,C28,12929.8,2347984.2,0.005506766186927492
FRA,2020,C29,12444.9,2347984.2,0.005300248613257278
FRA,2020,C30,11263.6,2347984.2,0.004797136198787027
FRA,2020,C31T33,34387.8,2347984.2,0.014645669251096323
FRA,2020,D,47487.2,2347984.2,0.020224667610625316
FRA,2020,E,16968.1,2347984.2,0.0072266670278275285
FRA,2020,F,124621.6,2347984.2,0.05307599599690662
FRA,2020,G,236897.1,2347984.2,0.1008938220282743
FRA,2020,H49,49221.7,2347984.2,0.020963386380538674
FRA,2020,H50,2714.0,2347984.2,0.0011558851205216798
FRA,2020,H51,4622.4,2347984.2,0.001968667421186224
FRA,2020,H52,36303.6,2347984.2,0.0154616031913673
FRA,2020,H53,8803.1,2347984.2,0.0037492160296478997
FRA,2020,I,46740.7,2347984.2,0.019906735317895236
FRA,2020,J58T60,29571.9,2347984.2,0.012594590713174305
FRA,2020,J61,28470.0,2347984.2,0.012125294539886596
FRA,2020,J62_63,74096.3,2347984.2,0.03155740996894272
FRA,2020,K,93530.6,2347984.2,0.03983442478020082
FRA,2020,L,315360.1,2347984.2,0.13431099749308362
FRA,2020,M,197865.6,2347984.2,0.08427041374469214
FRA,2020,N,134600.4,2347984.2,0.057325939416457736
FRA,2020,O,192644.0,2347984.2,0.08204654869483363
FRA,2020,P,132139.6,2347984.2,0.05627789147814538
FRA,2020,Q,223451.1,2347984.2,0.09516720768393586
FRA,2020,R,32720.4,2347984.2,0.013935528186262923
FRA,2020,S,29783.4,2347984.2,0.012684667980304126
FRA,2020,T,1024.1,2347984.2,0.00043616136769574507
FRA,2020,HFCE,0.0,2347984.2,0.0
DEU,2020,A01_02,29077.1,3528158.7,0.008241437665488233
DEU,2020,A03,164.2,3528158.7,4.653985661132533e-05
DEU,2020,B05_06,2235.0,3528158.7,0.0006334749057631676
DEU,2020,B07_08,2663.3,3528158.7,0.0007548696718206015
DEU,2020,B09,128.4,3528158.7,3.639292076062225e-05
DEU,2020,C10T12,58169.0,3528158.7,0.016487070153618655
DEU,2020,C13T15,7763.4,3528158.7,0.002200411222998557
DEU,2020,C16,10448.6,3528158.7,0.0029614880985937508
DEU,2020,C17_18,20778.5,3528158.7,0.005889332585861288
DEU,2020,C19,2304.0,3528158.7,0.0006530318491625674
DEU,2020,C20,56358.0,3528158.7,0.01597377124787499
DEU,2020,C21,28591.0,3528158.7,0.008103660416409272
DEU,2020,C22,33932.8,3528158.7,0.009617707956277591
DEU,2020,C23,21890.0,3528158.7,0.006204369434969011
DEU,2020,C24,20530.0,3528158.7,0.005818899246227217
DEU,2020,C25,60942.1,3528158.7,0.01727306087450091
DEU,2020,C26,48321.9,3528158.7,0.013696067583354456
DEU,2020,C27,49133.2,3528158.7,0.013926017556976674
DEU,2020,C28,107262.4,3528158.7,0.030401807038895383
DEU,2020,C29,135344.4,3528158.7,0.038361199568488796
DEU,2020,C30,15217.7,3528158.7,0.0043132130082470495
DEU,2020,C31T33,49916.1,3528158.7,0.014147918006069283
DEU,2020,D,72282.0,3528158.7,0.02048717366370169
DEU,2020,E,39384.2,3528158.7,0.011162819858415097
DEU,2020,F,190951.5,3528158.7,0.0541221402540651
DEU,2020,G,365968.3,3528158.7,0.10372784534890678
DEU,2020,H49,53120.7,3528158.7,0.015056210481688365
DEU,2020,H50,8924.8,3528158.7,0.002529591426825556
DEU,2020,H51,4759.8,3528158.7,0.0013490889738038145
DEU,2020,H52,59567.5,3528158.7,0.01688345254990939
DEU,2020,H53,23038.0,3528158.7,0.006529751623701054
DEU,2020,I,35516.8,3528158.7,0.010066667352576856
DEU,2020,J58T60,33037.6,3528158.7,0.00936397787321755
DEU,2020,J61,33593.9,3528158.7,0.009521652186450683
DEU,2020,J62_63,109874.5,3528158.7,0.03114216489184571
DEU,2020,K,140954.4,3528158.7,0.03995126409704869
DEU,2020,L,379592.8,3528158.7,0.1075894913684013
DEU,2020,M,229151.2,3528158.7,0.06494923258412384
DEU,2020,N,170371.6,3528158.7,0.04828909765311861
DEU,2020,O,232784.7,3528158.7,0.06597908988617773
DEU,2020,P,168760.2,3528158.7,0.047832372166252045
DEU,2020,Q,288377.2,3528158.7,0.08173589243590432
DEU,2020,R,39450.4,3528158.7,0.01118158318672003
DEU,2020,S,78959.0,3528158.7,0.02237966223004651
DEU,2020,T,8566.5,3528158.7,0.0024280370381298323
DEU,2020,HFCE,0.0,3528158.7,0.0
ITA,2020,A01_02,37381.2,1717997.7,0.021758585590655913
ITA,2020,A03,760.3,1717997.7,0.00044255006860602895
ITA,2020,B05_06,2030.9,1717997.7,0.0011821319667657296
ITA,2020,B07_08,1099.8,1717997.7,0.0006401638372391301
ITA,2020,B09,146.0,1717997.7,8.498265160657666e-05
ITA,2020,C10T12,33552.2,1717997.7,0.019529828241330007
ITA,2020,C13T15,23513.5,1717997.7,0.013686572455830413
ITA,2020,C16,4659.9,1717997.7,0.0027124017686403186
ITA,2020,C17_18,11048.8,1717997.7,0.0064312076785667405
ITA,2020,C19,-216.8,1717997.7,-0.00012619341690620425
ITA,2020,C20,13888.8,1717997.7,0.008084294874201519
ITA,2020,C21,11976.1,1717997.7,0.0069709639308597445
ITA,2020,C22,14617.8,1717997.7,0.008508626059278194
ITA,2020,C23,10940.1,1717997.7,0.006367936348226777
ITA,2020,C24,8673.6,1717997.7,0.005048667992978105
ITA,2020,C25,35497.0,1717997.7,0.02066184372656611
ITA,2020,C26,10289.0,1717997.7,0.0059889486464388166
ITA,2020,C27,12408.8,1717997.7,0.007222826899011564
ITA,2020,C28,40306.8,1717997.7,0.02346149823134222
ITA,2020,C29,12692.1,1717997.7,0.0073877281675056965
ITA,2020,C30,9125.3,1717997.7,0.005311590347297904
ITA,2020,C31T33,24233.8,1717997.7,0.014105839606188064
ITA,2020,D,33666.6,1717997.7,0.019596417387520368
ITA,2020,E,19503.5,1717997.7,0.011352459901430603
ITA,2020,F,75821.0,1717997.7,0.04413335361275513
ITA,2020,G,201216.8,1717997.7,0.11712285761500146
ITA,2020,H49,46601.6,1717997.7,0.027125531076089334
ITA,2020,H50,1897.7,1717997.7,0.0011045998489986337
ITA,2020,H51,933.5,1717997.7,0.0005433651046215021
ITA,2020,H52,32971.8,1717997.7,0.01919199309754606
ITA,2020,H53,3292.8,1717997.7,0.0019166498302064085
ITA,2020,I,44463.6,1717997.7,0.025881059095713574
ITA,2020,J58T60,9024.6,1717997.7,0.005252975600607615
ITA,2020,J61,20002.2,1717997.7,0.011642739684692245
ITA,2020,J62_63,37946.9,1717997.7,0.02208786426198359
ITA,2020,K,91246.3,1717997.7,0.05311200358417244
ITA,2020,L,242855.6,1717997.7,0.14135967702401464
ITA,2020,M,117768.0,1717997.7,0.06854956790687206
ITA,2020,N,59005.2,1717997.7,0.03434533119572861
ITA,2020,O,117001.1,1717997.7,0.06810317615675504
ITA,2020,P,75358.0,1717997.7,0.043863853834030166
ITA,2020,Q,105586.2,1717997.7,0.06145887156892003
ITA,2020,R,16464.9,1717997.7,0.009583773016692632
ITA,2020,S,26546.3,1717997.7,0.01545188331742237
ITA,2020,T,20198.5,1717997.7,0.011757000605996154
ITA,2020,HFCE,0.0,1717997.7,0.0
JPN,2020,A01_02,42748.2,4648813.0,0.009195508616930815
JPN,2020,A03,6365.0,4648813.0,0.0013691667098676588
JPN,2020,B05_06,712.3,4648813.0,0.00015322190847427073
JPN,2020,B07_08,1998.6,4648813.0,0.00042991619581170503
JPN,2020,B09,643.7,4648813.0,0.00013846545343940486
JPN,2020,C10T12,105112.0,4648813.0,0.022610502939137366
JPN,2020,C13T15,11472.2,4648813.0,0.002467769729606246
JPN,2020,C16,7286.1,4648813.0,0.0015673033094684601
JPN,2020,C17_18,39749.9,4648813.0,0.008550548279743669
JPN,2020,C19,44446.7,4648813.0,0.009560870699681832
JPN,2020,C20,61091.6,4648813.0,0.0131413330671722
JPN,2020,C21,35877.7,4648813.0,0.007717604472367461
JPN,2020,C22,46409.0,4648813.0,0.00998297845062815
JPN,2020,C23,24431.1,4648813.0,0.005255341524815044
JPN,2020,C24,66969.0,4648813.0,0.014405612787608364
JPN,2020,C25,43810.7,4648813.0,0.009424061583032056
JPN,2020,C26,64691.6,4648813.0,0.013915724293491694
JPN,2020,C27,55671.1,4648813.0,0.01197533649987642
JPN,2020,C28,124955.8,4648813.0,0.0268790764438148
JPN,2020,C29,95037.5,4648813.0,0.020443390603149664
JPN,2020,C30,14077.6,4648813.0,0.003028213868787581
JPN,2020,C31T33,122517.5,4648813.0,0.026354576964055125
JPN,2020,D,74299.9,4648813.0,0.01598255296567102
JPN,2020,E,79768.6,4648813.0,0.017158917771052527
JPN,2020,F,278342.1,4648813.0,0.05987380004315079
JPN,2020,G,610821.8,4648813.0,0.13139306743463333
JPN,2020,H49,129780.2,4648813.0,0.02791684673055251
JPN,2020,H50,8440.6,4648813.0,0.001815646273575642
JPN,2020,H51,4922.6,4648813.0,0.0010588939585223153
JPN,2020,H52,53144.3,4648813.0,0.011431799902469729
JPN,2020,H53,8183.6,4648813.0,0.0017603633443633892
JPN,2020,I,82031.8,4648813.0,0.017645751721998712
JPN,2020,J58T60,53152.2,4648813.0,0.01143349926099415
JPN,2020,J61,79830.3,4648813.0,0.017172189976236946
JPN,2020,J62_63,106886.6,4648813.0,0.022992234791978084
JPN,2020,K,202128.7,4648813.0,0.04347963662982357
JPN,2020,L,575697.1,4648813.0,0.123837439793771
JPN,2020,M,229030.2,4648813.0,0.04926638262283297
JPN,2020,N,164134.9,4648813.0,0.03530684069245203
JPN,2020,O,243997.5,4648813.0,0.05248597867885845
JPN,2020,P,167899.4,4648813.0,0.03611661729564084
JPN,2020,Q,386259.7,4648813.0,0.08308781187799982
JPN,2020,R,40492.6,4648813.0,0.008710309491906858
JPN,2020,S,53493.4,4648813.0,0.01150689434055532
JPN,2020,T,0.0,4648813.0,0.0
JPN,2020,HFCE,0.0,4648813.0,0.0
